id,category_id,language,name
1,1,0,カクテル
2,1,1,Cocktail
3,1,2,鸡尾酒
4,1,0,カクテル
5,1,1,Cocktail
6,1,2,鸡尾酒
7,1,0,カクテル
8,1,1,Cocktail
9,1,2,鸡尾酒
10,1,0,カクテル
11,1,1,Cocktail
12,1,2,鸡尾酒
13,1,0,カクテル
14,1,1,Cocktail
15,1,2,鸡尾酒
16,1,0,カクテル
17,1,1,Cocktail
18,1,2,鸡尾酒
19,1,0,カクテル
20,1,1,Cocktail
21,1,2,鸡尾酒
22,1,0,カクテル
23,1,1,Cocktail
24,1,2,鸡尾酒
25,1,0,カクテル
26,1,1,Cocktail
27,1,2,鸡尾酒
28,1,0,カクテル
29,1,1,Cocktail
30,1,2,鸡尾酒
31,1,0,カクテル
32,1,1,Cocktail
33,1,2,鸡尾酒
34,1,0,カクテル
35,1,1,Cocktail
36,1,2,鸡尾酒
37,1,0,カクテル
38,1,1,Cocktail
39,1,2,鸡尾酒
40,1,0,カクテル
41,1,1,Cocktail
42,1,2,鸡尾酒
43,1,0,カクテル
44,1,1,Cocktail
45,1,2,鸡尾酒
46,1,0,カクテル
47,1,1,Cocktail
48,1,2,鸡尾酒
49,1,0,カクテル
50,1,1,Cocktail
51,1,2,鸡尾酒
52,1,0,カクテル
53,1,1,Cocktail
54,1,2,鸡尾酒
55,1,0,カクテル
56,1,1,Cocktail
57,1,2,鸡尾酒
58,1,0,カクテル
59,1,1,Cocktail
60,1,2,鸡尾酒
61,1,0,カクテル
62,1,1,Cocktail
63,1,2,鸡尾酒
64,1,0,カクテル
65,1,1,Cocktail
66,1,2,鸡尾酒
67,1,0,カクテル
68,1,1,Cocktail
69,1,2,鸡尾酒
70,1,0,カクテル
71,1,1,Cocktail
72,1,2,鸡尾酒
73,1,0,カクテル
74,1,1,Cocktail
75,1,2,鸡尾酒
76,1,0,カクテル
77,1,1,Cocktail
78,1,2,鸡尾酒
79,1,0,カクテル
80,1,1,Cocktail
81,1,2,鸡尾酒
82,1,0,カクテル
83,1,1,Cocktail
84,1,2,鸡尾酒
85,1,0,カクテル
86,1,1,Cocktail
87,1,2,鸡尾酒
88,1,0,カクテル
89,1,1,Cocktail
90,1,2,鸡尾酒
91,1,0,カクテル
92,1,1,Cocktail
93,1,2,鸡尾酒
94,1,0,カクテル
95,1,1,Cocktail
96,1,2,鸡尾酒
97,1,0,カクテル
98,1,1,Cocktail
99,1,2,鸡尾酒
100,1,0,カクテル
101,1,1,Cocktail
102,1,2,鸡尾酒
103,1,0,カクテル
104,1,1,Cocktail
105,1,2,鸡尾酒
106,1,0,カクテル
107,1,1,Cocktail
108,1,2,鸡尾酒
109,1,0,カクテル
110,1,1,Cocktail
111,1,2,鸡尾酒
112,1,0,カクテル
113,1,1,Cocktail
114,1,2,鸡尾酒
115,1,0,カクテル
116,1,1,Cocktail
117,1,2,鸡尾酒
118,1,0,カクテル
119,1,1,Cocktail
120,1,2,鸡尾酒
121,1,0,カクテル
122,1,1,Cocktail
123,1,2,鸡尾酒
124,1,0,カクテル
125,1,1,Cocktail
126,1,2,鸡尾酒
127,1,0,カクテル
128,1,1,Cocktail
129,1,2,鸡尾酒
130,1,0,カクテル
131,1,1,Cocktail
132,1,2,鸡尾酒
133,1,0,カクテル
134,1,1,Cocktail
135,1,2,鸡尾酒
136,1,0,カクテル
137,1,1,Cocktail
138,1,2,鸡尾酒
139,1,0,カクテル
140,1,1,Cocktail
141,1,2,鸡尾酒
142,1,0,カクテル
143,1,1,Cocktail
144,1,2,鸡尾酒
145,1,0,カクテル
146,1,1,Cocktail
147,1,2,鸡尾酒
148,1,0,カクテル
149,1,1,Cocktail
150,1,2,鸡尾酒
151,1,0,カクテル
152,1,1,Cocktail
153,1,2,鸡尾酒
154,1,0,カクテル
155,1,1,Cocktail
156,1,2,鸡尾酒
157,1,0,カクテル
158,1,1,Cocktail
159,1,2,鸡尾酒
160,1,0,カクテル
161,1,1,Cocktail
162,1,2,鸡尾酒
163,1,0,カクテル
164,1,1,Cocktail
165,1,2,鸡尾酒
166,1,0,カクテル
167,1,1,Cocktail
168,1,2,鸡尾酒
169,1,0,カクテル
170,1,1,Cocktail
171,1,2,鸡尾酒
172,1,0,カクテル
173,1,1,Cocktail
174,1,2,鸡尾酒
175,1,0,カクテル
176,1,1,Cocktail
177,1,2,鸡尾酒
178,1,0,カクテル
179,1,1,Cocktail
180,1,2,鸡尾酒
181,1,0,カクテル
182,1,1,Cocktail
183,1,2,鸡尾酒
184,1,0,カクテル
185,1,1,Cocktail
186,1,2,鸡尾酒
187,1,0,カクテル
188,1,1,Cocktail
189,1,2,鸡尾酒
190,1,0,カクテル
191,1,1,Cocktail
192,1,2,鸡尾酒
193,1,0,カクテル
194,1,1,Cocktail
195,1,2,鸡尾酒
196,1,0,カクテル
197,1,1,Cocktail
198,1,2,鸡尾酒
199,1,0,カクテル
200,1,1,Cocktail
201,1,2,鸡尾酒
202,1,0,カクテル
203,1,1,Cocktail
204,1,2,鸡尾酒
205,1,0,カクテル
206,1,1,Cocktail
207,1,2,鸡尾酒
208,1,0,カクテル
209,1,1,Cocktail
210,1,2,鸡尾酒
211,1,0,カクテル
212,1,1,Cocktail
213,1,2,鸡尾酒
214,1,0,カクテル
215,1,1,Cocktail
216,1,2,鸡尾酒
217,1,0,カクテル
218,1,1,Cocktail
219,1,2,鸡尾酒
220,1,0,カクテル
221,1,1,Cocktail
222,1,2,鸡尾酒
223,1,0,カクテル
224,1,1,Cocktail
225,1,2,鸡尾酒
226,1,0,カクテル
227,1,1,Cocktail
228,1,2,鸡尾酒
229,1,0,カクテル
230,1,1,Cocktail
231,1,2,鸡尾酒
232,1,0,カクテル
233,1,1,Cocktail
234,1,2,鸡尾酒
235,1,0,カクテル
236,1,1,Cocktail
237,1,2,鸡尾酒
238,1,0,カクテル
239,1,1,Cocktail
240,1,2,鸡尾酒
241,1,0,カクテル
242,1,1,Cocktail
243,1,2,鸡尾酒
244,1,0,カクテル
245,1,1,Cocktail
246,1,2,鸡尾酒
247,1,0,カクテル
248,1,1,Cocktail
249,1,2,鸡尾酒
250,1,0,カクテル
251,1,1,Cocktail
252,1,2,鸡尾酒
253,1,0,カクテル
254,1,1,Cocktail
255,1,2,鸡尾酒
256,1,0,カクテル
257,1,1,Cocktail
258,1,2,鸡尾酒
259,1,0,カクテル
260,1,1,Cocktail
261,1,2,鸡尾酒
262,1,0,カクテル
263,1,1,Cocktail
264,1,2,鸡尾酒
265,1,0,カクテル
266,1,1,Cocktail
267,1,2,鸡尾酒
268,1,0,カクテル
269,1,1,Cocktail
270,1,2,鸡尾酒
271,1,0,カクテル
272,1,1,Cocktail
273,1,2,鸡尾酒
274,1,0,カクテル
275,1,1,Cocktail
276,1,2,鸡尾酒
277,1,0,カクテル
278,1,1,Cocktail
279,1,2,鸡尾酒
280,1,0,カクテル
281,1,1,Cocktail
282,1,2,鸡尾酒
283,1,0,カクテル
284,1,1,Cocktail
285,1,2,鸡尾酒
286,1,0,カクテル
287,1,1,Cocktail
288,1,2,鸡尾酒
289,1,0,カクテル
290,1,1,Cocktail
291,1,2,鸡尾酒
292,1,0,カクテル
293,1,1,Cocktail
294,1,2,鸡尾酒
295,1,0,カクテル
296,1,1,Cocktail
297,1,2,鸡尾酒
298,1,0,カクテル
299,1,1,Cocktail
300,1,2,鸡尾酒
301,1,0,カクテル
302,1,1,Cocktail
303,1,2,鸡尾酒
304,1,0,カクテル
305,1,1,Cocktail
306,1,2,鸡尾酒
307,1,0,カクテル
308,1,1,Cocktail
309,1,2,鸡尾酒
310,1,0,カクテル
311,1,1,Cocktail
312,1,2,鸡尾酒
313,1,0,カクテル
314,1,1,Cocktail
315,1,2,鸡尾酒
316,1,0,カクテル
317,1,1,Cocktail
318,1,2,鸡尾酒
319,1,0,カクテル
320,1,1,Cocktail
321,1,2,鸡尾酒
322,1,0,カクテル
323,1,1,Cocktail
324,1,2,鸡尾酒
325,1,0,カクテル
326,1,1,Cocktail
327,1,2,鸡尾酒
328,1,0,カクテル
329,1,1,Cocktail
330,1,2,鸡尾酒
331,1,0,カクテル
332,1,1,Cocktail
333,1,2,鸡尾酒
334,1,0,カクテル
335,1,1,Cocktail
336,1,2,鸡尾酒
337,1,0,カクテル
338,1,1,Cocktail
339,1,2,鸡尾酒
340,1,0,カクテル
341,1,1,Cocktail
342,1,2,鸡尾酒
343,1,0,カクテル
344,1,1,Cocktail
345,1,2,鸡尾酒
346,1,0,カクテル
347,1,1,Cocktail
348,1,2,鸡尾酒
349,1,0,カクテル
350,1,1,Cocktail
351,1,2,鸡尾酒
352,1,0,カクテル
353,1,1,Cocktail
354,1,2,鸡尾酒
355,1,0,カクテル
356,1,1,Cocktail
357,1,2,鸡尾酒
358,1,0,カクテル
359,1,1,Cocktail
360,1,2,鸡尾酒
361,1,0,カクテル
362,1,1,Cocktail
363,1,2,鸡尾酒
364,1,0,カクテル
365,1,1,Cocktail
366,1,2,鸡尾酒
367,1,0,カクテル
368,1,1,Cocktail
369,1,2,鸡尾酒
370,1,0,カクテル
371,1,1,Cocktail
372,1,2,鸡尾酒
373,1,0,カクテル
374,1,1,Cocktail
375,1,2,鸡尾酒
376,1,0,カクテル
377,1,1,Cocktail
378,1,2,鸡尾酒
379,1,0,カクテル
380,1,1,Cocktail
381,1,2,鸡尾酒
382,1,0,カクテル
383,1,1,Cocktail
384,1,2,鸡尾酒
385,1,0,カクテル
386,1,1,Cocktail
387,1,2,鸡尾酒
388,1,0,カクテル
389,1,1,Cocktail
390,1,2,鸡尾酒
391,1,0,カクテル
392,1,1,Cocktail
393,1,2,鸡尾酒
394,1,0,カクテル
395,1,1,Cocktail
396,1,2,鸡尾酒
397,1,0,カクテル
398,1,1,Cocktail
399,1,2,鸡尾酒
400,1,0,カクテル
401,1,1,Cocktail
402,1,2,鸡尾酒
403,1,0,カクテル
404,1,1,Cocktail
405,1,2,鸡尾酒
406,1,0,カクテル
407,1,1,Cocktail
408,1,2,鸡尾酒
409,1,0,カクテル
410,1,1,Cocktail
411,1,2,鸡尾酒
412,1,0,カクテル
413,1,1,Cocktail
414,1,2,鸡尾酒
415,1,0,カクテル
416,1,1,Cocktail
417,1,2,鸡尾酒
418,1,0,カクテル
419,1,1,Cocktail
420,1,2,鸡尾酒
421,1,0,カクテル
422,1,1,Cocktail
423,1,2,鸡尾酒
424,1,0,カクテル
425,1,1,Cocktail
426,1,2,鸡尾酒
427,1,0,カクテル
428,1,1,Cocktail
429,1,2,鸡尾酒
430,1,0,カクテル
431,1,1,Cocktail
432,1,2,鸡尾酒
433,1,0,カクテル
434,1,1,Cocktail
435,1,2,鸡尾酒
436,1,0,カクテル
437,1,1,Cocktail
438,1,2,鸡尾酒
439,1,0,カクテル
440,1,1,Cocktail
441,1,2,鸡尾酒
442,1,0,カクテル
443,1,1,Cocktail
444,1,2,鸡尾酒
445,1,0,カクテル
446,1,1,Cocktail
447,1,2,鸡尾酒
448,1,0,カクテル
449,1,1,Cocktail
450,1,2,鸡尾酒
451,1,0,カクテル
452,1,1,Cocktail
453,1,2,鸡尾酒
454,1,0,カクテル
455,1,1,Cocktail
456,1,2,鸡尾酒
457,1,0,カクテル
458,1,1,Cocktail
459,1,2,鸡尾酒
460,1,0,カクテル
461,1,1,Cocktail
462,1,2,鸡尾酒
463,1,0,カクテル
464,1,1,Cocktail
465,1,2,鸡尾酒
466,1,0,カクテル
467,1,1,Cocktail
468,1,2,鸡尾酒
469,1,0,カクテル
470,1,1,Cocktail
471,1,2,鸡尾酒
472,1,0,カクテル
473,1,1,Cocktail
474,1,2,鸡尾酒
475,1,0,カクテル
476,1,1,Cocktail
477,1,2,鸡尾酒
478,1,0,カクテル
479,1,1,Cocktail
480,1,2,鸡尾酒
481,1,0,カクテル
482,1,1,Cocktail
483,1,2,鸡尾酒
484,1,0,カクテル
485,1,1,Cocktail
486,1,2,鸡尾酒
487,1,0,カクテル
488,1,1,Cocktail
489,1,2,鸡尾酒
490,1,0,カクテル
491,1,1,Cocktail
492,1,2,鸡尾酒
493,1,0,カクテル
494,1,1,Cocktail
495,1,2,鸡尾酒
496,1,0,カクテル
497,1,1,Cocktail
498,1,2,鸡尾酒
499,1,0,カクテル
500,1,1,Cocktail
501,1,2,鸡尾酒
502,1,0,カクテル
503,1,1,Cocktail
504,1,2,鸡尾酒
505,1,0,カクテル
506,1,1,Cocktail
507,1,2,鸡尾酒
508,1,0,カクテル
509,1,1,Cocktail
510,1,2,鸡尾酒
511,1,0,カクテル
512,1,1,Cocktail
513,1,2,鸡尾酒
514,1,0,カクテル
515,1,1,Cocktail
516,1,2,鸡尾酒
517,1,0,カクテル
518,1,1,Cocktail
519,1,2,鸡尾酒
520,1,0,カクテル
521,1,1,Cocktail
522,1,2,鸡尾酒
523,1,0,カクテル
524,1,1,Cocktail
525,1,2,鸡尾酒
526,1,0,カクテル
527,1,1,Cocktail
528,1,2,鸡尾酒
529,1,0,カクテル
530,1,1,Cocktail
531,1,2,鸡尾酒
532,1,0,カクテル
533,1,1,Cocktail
534,1,2,鸡尾酒
535,1,0,カクテル
536,1,1,Cocktail
537,1,2,鸡尾酒
538,1,0,カクテル
539,1,1,Cocktail
540,1,2,鸡尾酒
541,1,0,カクテル
542,1,1,Cocktail
543,1,2,鸡尾酒
544,1,0,カクテル
545,1,1,Cocktail
546,1,2,鸡尾酒
547,1,0,カクテル
548,1,1,Cocktail
549,1,2,鸡尾酒
550,1,0,カクテル
551,1,1,Cocktail
552,1,2,鸡尾酒
553,1,0,カクテル
554,1,1,Cocktail
555,1,2,鸡尾酒
556,1,0,カクテル
557,1,1,Cocktail
558,1,2,鸡尾酒
559,1,0,カクテル
560,1,1,Cocktail
561,1,2,鸡尾酒
562,1,0,カクテル
563,1,1,Cocktail
564,1,2,鸡尾酒
565,1,0,カクテル
566,1,1,Cocktail
567,1,2,鸡尾酒
568,1,0,カクテル
569,1,1,Cocktail
570,1,2,鸡尾酒
571,1,0,カクテル
572,1,1,Cocktail
573,1,2,鸡尾酒
574,1,0,カクテル
575,1,1,Cocktail
576,1,2,鸡尾酒
577,1,0,カクテル
578,1,1,Cocktail
579,1,2,鸡尾酒
580,1,0,カクテル
581,1,1,Cocktail
582,1,2,鸡尾酒
583,1,0,カクテル
584,1,1,Cocktail
585,1,2,鸡尾酒
586,1,0,カクテル
587,1,1,Cocktail
588,1,2,鸡尾酒
589,1,0,カクテル
590,1,1,Cocktail
591,1,2,鸡尾酒
592,1,0,カクテル
593,1,1,Cocktail
594,1,2,鸡尾酒
595,1,0,カクテル
596,1,1,Cocktail
597,1,2,鸡尾酒
598,1,0,カクテル
599,1,1,Cocktail
600,1,2,鸡尾酒
601,1,0,カクテル
602,1,1,Cocktail
603,1,2,鸡尾酒
604,1,0,カクテル
605,1,1,Cocktail
606,1,2,鸡尾酒
607,1,0,カクテル
608,1,1,Cocktail
609,1,2,鸡尾酒
610,1,0,カクテル
611,1,1,Cocktail
612,1,2,鸡尾酒
613,1,0,カクテル
614,1,1,Cocktail
615,1,2,鸡尾酒
616,1,0,カクテル
617,1,1,Cocktail
618,1,2,鸡尾酒
619,1,0,カクテル
620,1,1,Cocktail
621,1,2,鸡尾酒
622,1,0,カクテル
623,1,1,Cocktail
624,1,2,鸡尾酒
625,1,0,カクテル
626,1,1,Cocktail
627,1,2,鸡尾酒
628,1,0,カクテル
629,1,1,Cocktail
630,1,2,鸡尾酒
631,1,0,カクテル
632,1,1,Cocktail
633,1,2,鸡尾酒
634,1,0,カクテル
635,1,1,Cocktail
636,1,2,鸡尾酒
637,1,0,カクテル
638,1,1,Cocktail
639,1,2,鸡尾酒
640,1,0,カクテル
641,1,1,Cocktail
642,1,2,鸡尾酒
643,1,0,カクテル
644,1,1,Cocktail
645,1,2,鸡尾酒
646,1,0,カクテル
647,1,1,Cocktail
648,1,2,鸡尾酒
649,1,0,カクテル
650,1,1,Cocktail
651,1,2,鸡尾酒
652,1,0,カクテル
653,1,1,Cocktail
654,1,2,鸡尾酒
655,1,0,カクテル
656,1,1,Cocktail
657,1,2,鸡尾酒
658,1,0,カクテル
659,1,1,Cocktail
660,1,2,鸡尾酒
661,1,0,カクテル
662,1,1,Cocktail
663,1,2,鸡尾酒
664,1,0,カクテル
665,1,1,Cocktail
666,1,2,鸡尾酒
667,1,0,カクテル
668,1,1,Cocktail
669,1,2,鸡尾酒
670,1,0,カクテル
671,1,1,Cocktail
672,1,2,鸡尾酒
673,1,0,カクテル
674,1,1,Cocktail
675,1,2,鸡尾酒
676,1,0,カクテル
677,1,1,Cocktail
678,1,2,鸡尾酒
679,1,0,カクテル
680,1,1,Cocktail
681,1,2,鸡尾酒
682,1,0,カクテル
683,1,1,Cocktail
684,1,2,鸡尾酒
685,1,0,カクテル
686,1,1,Cocktail
687,1,2,鸡尾酒
688,1,0,カクテル
689,1,1,Cocktail
690,1,2,鸡尾酒
691,1,0,カクテル
692,1,1,Cocktail
693,1,2,鸡尾酒
694,1,0,カクテル
695,1,1,Cocktail
696,1,2,鸡尾酒
697,1,0,カクテル
698,1,1,Cocktail
699,1,2,鸡尾酒
700,1,0,カクテル
701,1,1,Cocktail
702,1,2,鸡尾酒
703,1,0,カクテル
704,1,1,Cocktail
705,1,2,鸡尾酒
706,1,0,カクテル
707,1,1,Cocktail
708,1,2,鸡尾酒
709,1,0,カクテル
710,1,1,Cocktail
711,1,2,鸡尾酒
712,1,0,カクテル
713,1,1,Cocktail
714,1,2,鸡尾酒
715,1,0,カクテル
716,1,1,Cocktail
717,1,2,鸡尾酒
718,1,0,カクテル
719,1,1,Cocktail
720,1,2,鸡尾酒
721,1,0,カクテル
722,1,1,Cocktail
723,1,2,鸡尾酒
724,1,0,カクテル
725,1,1,Cocktail
726,1,2,鸡尾酒
727,1,0,カクテル
728,1,1,Cocktail
729,1,2,鸡尾酒
730,1,0,カクテル
731,1,1,Cocktail
732,1,2,鸡尾酒
733,1,0,カクテル
734,1,1,Cocktail
735,1,2,鸡尾酒
736,1,0,カクテル
737,1,1,Cocktail
738,1,2,鸡尾酒
739,1,0,カクテル
740,1,1,Cocktail
741,1,2,鸡尾酒
742,1,0,カクテル
743,1,1,Cocktail
744,1,2,鸡尾酒
745,1,0,カクテル
746,1,1,Cocktail
747,1,2,鸡尾酒
748,1,0,カクテル
749,1,1,Cocktail
750,1,2,鸡尾酒
751,1,0,カクテル
752,1,1,Cocktail
753,1,2,鸡尾酒
754,1,0,カクテル
755,1,1,Cocktail
756,1,2,鸡尾酒
757,1,0,カクテル
758,1,1,Cocktail
759,1,2,鸡尾酒
760,1,0,カクテル
761,1,1,Cocktail
762,1,2,鸡尾酒
763,1,0,カクテル
764,1,1,Cocktail
765,1,2,鸡尾酒
766,1,0,カクテル
767,1,1,Cocktail
768,1,2,鸡尾酒
769,1,0,カクテル
770,1,1,Cocktail
771,1,2,鸡尾酒
772,1,0,カクテル
773,1,1,Cocktail
774,1,2,鸡尾酒
775,1,0,カクテル
776,1,1,Cocktail
777,1,2,鸡尾酒
778,1,0,カクテル
779,1,1,Cocktail
780,1,2,鸡尾酒
781,1,0,カクテル
782,1,1,Cocktail
783,1,2,鸡尾酒
784,1,0,カクテル
785,1,1,Cocktail
786,1,2,鸡尾酒
787,1,0,カクテル
788,1,1,Cocktail
789,1,2,鸡尾酒
790,1,0,カクテル
791,1,1,Cocktail
792,1,2,鸡尾酒
793,1,0,カクテル
794,1,1,Cocktail
795,1,2,鸡尾酒
796,1,0,カクテル
797,1,1,Cocktail
798,1,2,鸡尾酒
799,1,0,カクテル
800,1,1,Cocktail
801,1,2,鸡尾酒
802,1,0,カクテル
803,1,1,Cocktail
804,1,2,鸡尾酒
805,1,0,カクテル
806,1,1,Cocktail
807,1,2,鸡尾酒
808,1,0,カクテル
809,1,1,Cocktail
810,1,2,鸡尾酒
811,1,0,カクテル
812,1,1,Cocktail
813,1,2,鸡尾酒
814,1,0,カクテル
815,1,1,Cocktail
816,1,2,鸡尾酒
817,1,0,カクテル
818,1,1,Cocktail
819,1,2,鸡尾酒
820,1,0,カクテル
821,1,1,Cocktail
822,1,2,鸡尾酒
823,1,0,カクテル
824,1,1,Cocktail
825,1,2,鸡尾酒
826,1,0,カクテル
827,1,1,Cocktail
828,1,2,鸡尾酒
829,1,0,カクテル
830,1,1,Cocktail
831,1,2,鸡尾酒
832,1,0,カクテル
833,1,1,Cocktail
834,1,2,鸡尾酒
835,1,0,カクテル
836,1,1,Cocktail
837,1,2,鸡尾酒
838,1,0,カクテル
839,1,1,Cocktail
840,1,2,鸡尾酒
841,1,0,カクテル
842,1,1,Cocktail
843,1,2,鸡尾酒
844,1,0,カクテル
845,1,1,Cocktail
846,1,2,鸡尾酒
847,1,0,カクテル
848,1,1,Cocktail
849,1,2,鸡尾酒
850,1,0,カクテル
851,1,1,Cocktail
852,1,2,鸡尾酒
853,1,0,カクテル
854,1,1,Cocktail
855,1,2,鸡尾酒
856,1,0,カクテル
857,1,1,Cocktail
858,1,2,鸡尾酒
859,1,0,カクテル
860,1,1,Cocktail
861,1,2,鸡尾酒
862,1,0,カクテル
863,1,1,Cocktail
864,1,2,鸡尾酒
865,1,0,カクテル
866,1,1,Cocktail
867,1,2,鸡尾酒
868,1,0,カクテル
869,1,1,Cocktail
870,1,2,鸡尾酒
871,1,0,カクテル
872,1,1,Cocktail
873,1,2,鸡尾酒
874,1,0,カクテル
875,1,1,Cocktail
876,1,2,鸡尾酒
877,1,0,カクテル
878,1,1,Cocktail
879,1,2,鸡尾酒
880,1,0,カクテル
881,1,1,Cocktail
882,1,2,鸡尾酒
883,1,0,カクテル
884,1,1,Cocktail
885,1,2,鸡尾酒
886,1,0,カクテル
887,1,1,Cocktail
888,1,2,鸡尾酒
889,1,0,カクテル
890,1,1,Cocktail
891,1,2,鸡尾酒
892,1,0,カクテル
893,1,1,Cocktail
894,1,2,鸡尾酒
895,1,0,カクテル
896,1,1,Cocktail
897,1,2,鸡尾酒
898,1,0,カクテル
899,1,1,Cocktail
900,1,2,鸡尾酒
901,1,0,カクテル
902,1,1,Cocktail
903,1,2,鸡尾酒
904,1,0,カクテル
905,1,1,Cocktail
906,1,2,鸡尾酒
907,1,0,カクテル
908,1,1,Cocktail
909,1,2,鸡尾酒
910,1,0,カクテル
911,1,1,Cocktail
912,1,2,鸡尾酒
913,1,0,カクテル
914,1,1,Cocktail
915,1,2,鸡尾酒
916,1,0,カクテル
917,1,1,Cocktail
918,1,2,鸡尾酒
919,1,0,カクテル
920,1,1,Cocktail
921,1,2,鸡尾酒
922,1,0,カクテル
923,1,1,Cocktail
924,1,2,鸡尾酒
925,1,0,カクテル
926,1,1,Cocktail
927,1,2,鸡尾酒
928,1,0,カクテル
929,1,1,Cocktail
930,1,2,鸡尾酒
931,1,0,カクテル
932,1,1,Cocktail
933,1,2,鸡尾酒
934,1,0,カクテル
935,1,1,Cocktail
936,1,2,鸡尾酒
937,1,0,カクテル
938,1,1,Cocktail
939,1,2,鸡尾酒
940,1,0,カクテル
941,1,1,Cocktail
942,1,2,鸡尾酒
943,1,0,カクテル
944,1,1,Cocktail
945,1,2,鸡尾酒
