id,min_degree,max_degree,shop_url,image_url
1,8,25,,https://www.suntory.co.jp/wnb/img/cocktail/p_orange_blossom.gif
2,25,40,,https://www.suntory.co.jp/wnb/img/cocktail/p_gimlet.gif
3,8,25,,https://www.suntory.co.jp/wnb/img/cocktail/p_singapore_sling.gif
4,8,25,,https://www.suntory.co.jp/wnb/img/cocktail/p_gin_tonic.gif
5,8,25,,https://www.suntory.co.jp/wnb/img/cocktail/p_triple_citrus_g_t.gif
6,25,40,,https://www.suntory.co.jp/wnb/img/cocktail/p_white_lady.gif
7,25,40,,https://cdn-ak.f.st-hatena.com/images/fotolife/b/bollet/20180329/20180329010558.jpg
8,25,40,,https://www.suntory.co.jp/wnb/img/cocktail/p_mistia_martini.gif
9,8,25,,https://www.suntory.co.jp/wnb/img/cocktail/p_around_the_world.gif
10,8,25,,https://www.suntory.co.jp/wnb/img/cocktail/p_autumn_leaves.gif
11,8,25,,https://www.suntory.co.jp/wnb/img/cocktail/p_kiss_in_the_dark.gif
12,25,40,,https://www.suntory.co.jp/wnb/img/cocktail/p_gibson.gif
13,25,40,,https://www.suntory.co.jp/wnb/img/cocktail/p_silver_streak.gif
14,25,40,,https://www.suntory.co.jp/wnb/img/cocktail/p_jungle.gif
15,8,25,,https://www.suntory.co.jp/wnb/img/cocktail/p_gin_buck.gif
16,8,25,,https://www.suntory.co.jp/wnb/img/cocktail/p_gin_fizz.gif
17,8,25,,https://www.suntory.co.jp/wnb/img/cocktail/p_gin_rickey.gif
18,25,40,,https://www.suntory.co.jp/wnb/img/cocktail/p_spring_opera.gif
19,25,40,,https://www.suntory.co.jp/wnb/img/cocktail/p_tango.gif
20,25,40,,https://www.suntory.co.jp/wnb/img/cocktail/p_chocolate_gimlet.gif
21,8,25,,https://www.suntory.co.jp/wnb/img/cocktail/p_chocolate_sling.gif
22,8,25,,https://www.suntory.co.jp/wnb/img/cocktail/p_24_tonic.gif
23,25,40,,https://www.suntory.co.jp/wnb/img/cocktail/p_24_martini.gif
24,8,25,,https://www.suntory.co.jp/wnb/img/cocktail/p_tom_collins.gif
25,8,25,,https://www.suntory.co.jp/wnb/img/cocktail/p_paradise.gif
26,8,25,,https://www.suntory.co.jp/wnb/img/cocktail/p_parisian.gif
27,8,25,,https://www.suntory.co.jp/wnb/img/cocktail/p_pink_lady.gif
28,8,25,,https://www.suntory.co.jp/wnb/img/cocktail/p_french_75.gif
29,8,25,,https://www.suntory.co.jp/wnb/img/cocktail/p_blue_moon.gif
30,25,40,,https://www.suntory.co.jp/wnb/img/cocktail/p_bronx.gif
31,8,25,,https://www.suntory.co.jp/wnb/img/cocktail/p_princess_mary.gif
32,8,25,,https://www.suntory.co.jp/wnb/img/cocktail/p_million_dollar.gif
33,25,40,,https://www.suntory.co.jp/wnb/img/cocktail/p_russian.gif
34,25,40,,https://www.suntory.co.jp/wnb/img/cocktail/p_long_island_iced_tea.gif
35,8,25,,https://www.suntory.co.jp/wnb/img/cocktail/p_aile_dore.gif
36,8,25,,https://www.suntory.co.jp/wnb/img/cocktail/p_celebriti_ni.gif
37,8,25,,https://www.suntory.co.jp/wnb/img/cocktail/p_salty_dog.gif
38,8,25,,https://www.suntory.co.jp/wnb/img/cocktail/p_moscow_mule.gif
39,8,25,,https://www.suntory.co.jp/wnb/img/cocktail/p_vodka_tonic.gif
40,25,40,,https://www.suntory.co.jp/wnb/img/cocktail/p_vodka_martini.gif
41,8,25,,https://www.suntory.co.jp/wnb/img/cocktail/p_vodka_rickey.gif
42,8,25,,https://www.suntory.co.jp/wnb/img/cocktail/p_aurora.gif
43,25,40,,https://www.suntory.co.jp/wnb/img/cocktail/p_caipirosca.gif
44,25,40,,https://www.suntory.co.jp/wnb/img/cocktail/p_kamikaze.gif
45,25,40,,https://www.suntory.co.jp/wnb/img/cocktail/p_kiss_of_fire.gif
46,8,25,,https://www.suntory.co.jp/wnb/img/cocktail/p_cosmopolitan.gif
47,25,40,,https://www.suntory.co.jp/wnb/img/cocktail/p_god_mother.gif
48,8,25,,https://www.suntory.co.jp/wnb/img/cocktail/p_Sea_Breeze.gif
49,8,25,,http://www.hdrank.com/images/upload/keyword/238/3604/2835.jpg
50,1,8,,https://www.suntory.co.jp/wnb/img/cocktail/p_chi_chi.gif
51,25,40,,https://www.suntory.co.jp/wnb/img/cocktail/p_chocolate_martini.gif
52,25,40,,https://www.suntory.co.jp/wnb/img/cocktail/p_troika.gif
53,25,40,,https://www.suntory.co.jp/wnb/img/cocktail/p_balalaika.gif
54,8,25,,https://www.suntory.co.jp/wnb/img/cocktail/p_big_apple.gif
55,25,40,,https://www.suntory.co.jp/wnb/img/cocktail/p_black_russian.gif
56,8,25,,https://www.suntory.co.jp/wnb/img/cocktail/p_bloody_bull.gif
57,8,25,,https://www.suntory.co.jp/wnb/img/cocktail/p_bloody_mary.gif
58,8,25,,https://www.suntory.co.jp/wnb/img/cocktail/p_blue_lagoon.gif
59,8,25,,https://www.suntory.co.jp/wnb/img/cocktail/p_bull_shot.gif
60,25,40,,https://www.suntory.co.jp/wnb/img/cocktail/p_white_russian.gif
61,8,25,,https://www.suntory.co.jp/wnb/img/cocktail/p_midori_martini.gif
62,8,25,,https://www.suntory.co.jp/wnb/img/cocktail/p_melon_ball.gif
63,25,40,,https://www.suntory.co.jp/wnb/img/cocktail/p_mozart_chocolate_martini.gif
64,25,40,,https://www.suntory.co.jp/wnb/img/cocktail/p_yukiguni.gif
65,25,40,,https://www.suntory.co.jp/wnb/img/cocktail/p_yoshino.gif
66,25,40,,https://www.suntory.co.jp/wnb/img/cocktail/p_russian.gif
67,8,25,,https://www.suntory.co.jp/wnb/img/cocktail/p_lejay_apple_tini.gif
68,1,8,,https://www.suntory.co.jp/wnb/img/cocktail/p_red_bird.gif
69,25,40,,https://www.suntory.co.jp/wnb/img/cocktail/p_long_island_iced_tea.gif
70,25,40,,https://upload.wikimedia.org/wikipedia/commons/thumb/3/37/MargaritaReal.jpg/480px-MargaritaReal.jpg
71,8,25,,https://www.suntory.co.jp/wnb/img/cocktail/p_el_dablo.gif
72,8,25,,https://www.suntory.co.jp/wnb/img/cocktail/p_cassis_shot.gif
73,8,25,,https://www.suntory.co.jp/wnb/img/cocktail/p_sauza_shot_gun.gif
74,8,25,,https://www.suntory.co.jp/wnb/img/cocktail/p_dr_jekyll.gif
75,25,40,,https://www.suntory.co.jp/wnb/img/cocktail/p_chocolate_margarita.gif
76,8,25,,https://www.suntory.co.jp/wnb/img/cocktail/p_tequila_sunrise.gif
77,8,25,,https://www.suntory.co.jp/wnb/img/cocktail/p_tequonic.gif
78,25,40,,https://www.suntory.co.jp/wnb/img/cocktail/p_tres_cosmopolitan.gif
79,25,40,,https://www.suntory.co.jp/wnb/img/cocktail/p_tres_martini.gif
80,8,25,,https://www.suntory.co.jp/wnb/img/cocktail/p_paloma.gif
81,1,8,,https://www.suntory.co.jp/wnb/img/cocktail/p_pina_colada.gif
82,1,8,,https://www.suntory.co.jp/wnb/img/cocktail/p_frozen_blue_margarita.gif
83,8,25,,https://www.suntory.co.jp/wnb/img/cocktail/p_frozen_strawberry_margarita.gif
84,1,8,,https://www.suntory.co.jp/wnb/img/cocktail/p_frozen_midori_margarita.gif
85,25,40,,https://www.suntory.co.jp/wnb/img/cocktail/p_brave_bull.gif
86,8,25,,https://www.suntory.co.jp/wnb/img/cocktail/p_matador.gif
87,8,25,,https://www.suntory.co.jp/wnb/img/cocktail/p_midori_shot.gif
88,8,25,,https://www.suntory.co.jp/wnb/img/cocktail/p_mockingbird.gif
89,25,40,,https://www.suntory.co.jp/wnb/img/cocktail/p_long_island_iced_tea.gif
90,8,25,,https://www.suntory.co.jp/wnb/img/cocktail/p_cactus_flower.gif
91,1,8,,https://www.suntory.co.jp/wnb/img/cocktail/p_sauza_farm_sour_org.gif
92,1,8,,https://www.suntory.co.jp/wnb/img/cocktail/p_sauza_farm_sour_q_lemmon.gif
93,1,8,,https://www.suntory.co.jp/wnb/img/cocktail/p_sauza_farm_sour_grap.gif
94,1,8,,https://www.suntory.co.jp/wnb/img/cocktail/p_sauza_farm_sour_tomato.gif
95,1,8,,https://www.suntory.co.jp/wnb/img/cocktail/p_sauza_farm_sour_pakuti.gif
96,1,8,,https://www.suntory.co.jp/wnb/img/cocktail/p_sauza_farm_sour_lime.gif
97,1,8,,https://www.suntory.co.jp/wnb/img/cocktail/p_sauza_farm_sour_lemmon.gif
98,8,25,,https://www.suntory.co.jp/wnb/img/cocktail/p_sauza_blue_gimlet_soda.gif
99,8,25,,https://www.suntory.co.jp/wnb/img/cocktail/p_sauza_blue_margarita_soda.gif
100,8,25,,https://www.suntory.co.jp/wnb/img/cocktail/p_sauza_blue_tonic.gif
101,8,25,,https://www.suntory.co.jp/wnb/img/cocktail/p_daiquiri.gif
102,8,25,,https://www.suntory.co.jp/wnb/img/cocktail/p_nevada.gif
103,8,25,,https://www.suntory.co.jp/wnb/img/cocktail/p_mojito.gif
104,25,40,,https://www.suntory.co.jp/wnb/img/cocktail/p_andalusia.gif
105,8,25,,https://www.suntory.co.jp/wnb/img/cocktail/p_islade_pinos.gif
106,25,40,,https://www.suntory.co.jp/wnb/img/cocktail/p_xyz.gif
107,8,25,,https://www.suntory.co.jp/wnb/img/cocktail/p_el_presidente.gif
108,8,25,,https://www.suntory.co.jp/wnb/img/cocktail/p_cuba_libre.gif
109,8,25,,https://www.suntory.co.jp/wnb/img/cocktail/p_greeneyes.gif
110,25,40,,https://www.suntory.co.jp/wnb/img/cocktail/p_corcovado.gif
111,25,40,,https://www.suntory.co.jp/wnb/img/cocktail/p_sky_diving.gif
112,8,25,,https://www.suntory.co.jp/wnb/img/cocktail/p_scorpion.gif
113,8,25,,https://www.suntory.co.jp/wnb/img/cocktail/p_chocolate_colada.gif
114,25,40,,https://www.suntory.co.jp/wnb/img/cocktail/p_chocolate_daiquiri.gif
115,8,25,,https://www.suntory.co.jp/wnb/img/cocktail/p_chocolate_planters_punch.gif
116,8,25,,https://www.suntory.co.jp/wnb/img/cocktail/p_chocolate_mojito.gif
117,8,25,,https://www.suntory.co.jp/wnb/img/cocktail/p_tom_jerry.gif
118,25,40,,https://www.suntory.co.jp/wnb/img/cocktail/p_panama.gif
119,25,40,,https://www.suntory.co.jp/wnb/img/cocktail/p_between_the_sheets.gif
120,8,25,,https://www.suntory.co.jp/wnb/img/cocktail/p_frozen_banana_daiquiri.gif
121,8,25,,https://www.suntory.co.jp/wnb/img/cocktail/p_blue_hawaii.gif
122,8,25,,https://www.suntory.co.jp/wnb/img/cocktail/p_hot_buttered_rum.gif
123,25,40,,https://www.suntory.co.jp/wnb/img/cocktail/p_miami.gif
124,25,40,,https://www.suntory.co.jp/wnb/img/cocktail/p_mai_tai.gif
125,25,40,,https://www.suntory.co.jp/wnb/img/cocktail/p_long_island_iced_tea.gif
126,1,8,,https://www.suntory.co.jp/wnb/img/cocktail/p_caribbean_dream.gif
127,8,25,,https://www.suntory.co.jp/wnb/img/cocktail/no_images.gif
128,8,25,,https://www.suntory.co.jp/wnb/img/cocktail/p_moony_au_lait.gif
129,8,25,,https://www.suntory.co.jp/wnb/img/cocktail/p_emerald_spritzer.gif
130,1,8,,https://www.suntory.co.jp/wnb/img/cocktail/p_Kahlua_milk.gif
131,8,25,,https://www.suntory.co.jp/wnb/img/cocktail/p_kir_imperial.gif
132,8,25,,https://www.suntory.co.jp/wnb/img/cocktail/p_kir_royal.gif
133,8,25,,https://www.suntory.co.jp/wnb/img/cocktail/p_strawberry_milk.gif
134,1,8,,https://www.suntory.co.jp/wnb/img/cocktail/p_china_blue.gif
135,8,25,,https://www.suntory.co.jp/wnb/img/cocktail/p_tiffin_mojito.gif
136,1,8,,https://www.suntory.co.jp/wnb/img/cocktail/p_bitter_kahlua_milk.gif
137,1,8,,https://www.suntory.co.jp/wnb/img/cocktail/p_fuzzy_navel.gif
138,1,8,,https://www.suntory.co.jp/wnb/img/cocktail/p_hot_kahlua_milk.gif
139,1,8,,https://www.suntory.co.jp/wnb/img/cocktail/p_malibu_rickey.gif
140,1,8,,https://www.suntory.co.jp/wnb/img/cocktail/p_malibu_cola.gif
141,8,25,,https://www.suntory.co.jp/wnb/img/cocktail/p_malibu_surf.gif
142,1,8,,https://www.suntory.co.jp/wnb/img/cocktail/p_malibu_pine.gif
143,8,25,,https://www.suntory.co.jp/wnb/img/cocktail/p_malibu_mojito.gif
144,8,25,,https://www.suntory.co.jp/wnb/img/cocktail/p_mangoyan_orange.gif
145,8,25,,https://www.suntory.co.jp/wnb/img/cocktail/p_mangoyan_mojito.gif
146,8,25,,https://www.suntory.co.jp/wnb/img/cocktail/p_mistia_on_the_rock.gif
147,8,25,,https://www.suntory.co.jp/wnb/img/cocktail/p_mistia_royal.gif
148,1,8,,https://www.suntory.co.jp/wnb/img/cocktail/p_mistia_goldspark.gif
149,1,8,,https://www.suntory.co.jp/wnb/img/cocktail/p_mistia_with_perrier.gif
150,25,40,,https://www.suntory.co.jp/wnb/img/cocktail/p_mistia_martini.gif
151,1,8,,https://www.suntory.co.jp/wnb/img/cocktail/p_midori_rickey.gif
152,8,25,,https://www.suntory.co.jp/wnb/img/cocktail/p_midori_mojito.gif
153,8,25,,https://www.suntory.co.jp/wnb/img/cocktail/p_yogurito_orange.gif
154,1,8,,https://www.suntory.co.jp/wnb/img/cocktail/p_lejay_cassis_rickey.gif
155,1,8,,https://www.suntory.co.jp/wnb/img/cocktail/p_lejay_peche_rickey.gif
156,8,25,,https://www.suntory.co.jp/wnb/img/cocktail/p_lejay_apple_soda.gif
157,1,8,,https://www.suntory.co.jp/wnb/img/cocktail/p_apricot_orange.gif
158,1,8,,https://www.suntory.co.jp/wnb/img/cocktail/p_cassis_orange.gif
159,8,25,,https://www.suntory.co.jp/wnb/img/cocktail/p_cassis_grapefruit.gif
160,1,8,,https://www.suntory.co.jp/wnb/img/cocktail/p_cassis_soda.gif
161,1,8,,https://www.suntory.co.jp/wnb/img/cocktail/p_cassic_tea.gif
162,1,8,,https://www.suntory.co.jp/wnb/img/cocktail/p_cassis_milk.gif
163,8,25,,https://www.suntory.co.jp/wnb/img/cocktail/p_cassis_mojito.gif
164,1,8,,https://www.suntory.co.jp/wnb/img/cocktail/p_quartet_orange.gif
165,8,25,,https://www.suntory.co.jp/wnb/img/cocktail/p_strawberry_soda.gif
166,8,25,,https://www.suntory.co.jp/wnb/img/cocktail/p_blueberry_milk.gif
167,8,25,,https://www.suntory.co.jp/wnb/img/cocktail/p_apple_car.gif
168,1,8,,https://www.suntory.co.jp/wnb/img/cocktail/p_apple_royal.gif
169,1,8,,https://www.suntory.co.jp/wnb/img/cocktail/p_apricot_colada.gif
170,1,8,,https://www.suntory.co.jp/wnb/img/cocktail/p_apricot_fizz.gif
171,8,25,,https://www.suntory.co.jp/wnb/img/cocktail/no_images.gif
172,8,25,,https://www.suntory.co.jp/wnb/img/cocktail/p_alexander.gif
173,8,25,,https://www.suntory.co.jp/wnb/img/cocktail/p_jager_orange.gif
174,25,40,,https://www.suntory.co.jp/wnb/img/cocktail/p_jager_shooter.gif
175,8,25,,https://www.suntory.co.jp/wnb/img/cocktail/p_jager_tonic.gif
176,8,25,,https://www.suntory.co.jp/wnb/img/cocktail/p_italian_surfer.gif
177,8,25,,https://www.suntory.co.jp/wnb/img/cocktail/p_Underberg_with_Soda.gif
178,25,40,,https://www.suntory.co.jp/wnb/img/cocktail/p_xyz.gif
179,25,40,,https://www.suntory.co.jp/wnb/img/cocktail/p_emerald_mist.gif
180,8,25,,https://www.suntory.co.jp/wnb/img/cocktail/p_orgasm.gif
181,8,25,,https://www.suntory.co.jp/wnb/img/cocktail/p_aurora.gif
182,8,25,,https://www.suntory.co.jp/wnb/img/cocktail/p_olimpic.gif
183,8,25,,https://www.suntory.co.jp/wnb/img/cocktail/p_cafe_chocolat_milk.gif
184,25,40,,https://www.eatsmart.jp/image/food/00/00/07/174794.jpg
185,1,8,,https://www.suntory.co.jp/wnb/img/cocktail/p_kahlua_oolong.gif
186,1,8,,https://www.suntory.co.jp/wnb/img/cocktail/p_kahlua_orange.gif
187,1,8,,https://www.suntory.co.jp/wnb/img/cocktail/p_kahlua_cola.gif
188,1,8,,https://www.suntory.co.jp/wnb/img/cocktail/p_kahlua_colada.gif
189,1,8,,https://www.suntory.co.jp/wnb/img/cocktail/p_kahlua_soda.gif
190,8,25,,https://www.suntory.co.jp/wnb/img/cocktail/p_kahlua_berry.gif
191,1,8,,https://www.suntory.co.jp/wnb/img/cocktail/p_kahlua_latte.gif
192,8,25,,https://www.suntory.co.jp/wnb/img/cocktail/p_kahlua_ricky.gif
193,8,25,,https://www.suntory.co.jp/wnb/img/cocktail/p_kir.gif
194,8,25,,https://www.suntory.co.jp/wnb/img/cocktail/p_kiss_in_the_dark.gif
195,8,25,,https://www.suntory.co.jp/wnb/img/cocktail/p_king_peter.gif
196,8,25,,https://www.suntory.co.jp/wnb/img/cocktail/p_cool_beauty.gif
197,8,25,,https://www.suntory.co.jp/wnb/img/cocktail/p_grasshopper.gif
198,8,25,,https://www.suntory.co.jp/wnb/img/cocktail/p_greeneyes.gif
199,25,40,,https://www.suntory.co.jp/wnb/img/cocktail/p_corcovado.gif
200,1,8,,https://www.suntory.co.jp/wnb/img/cocktail/p_golden_apple.gif
201,8,25,,https://www.suntory.co.jp/wnb/img/cocktail/p_golden_days.gif
202,8,25,,https://www.suntory.co.jp/wnb/img/cocktail/p_southern_wind.gif
203,8,25,,https://www.suntory.co.jp/wnb/img/cocktail/p_strawberry_royal.gif
204,8,25,,https://www.suntory.co.jp/wnb/img/cocktail/p_sex_on_the_beach.gif
205,25,40,,https://www.suntory.co.jp/wnb/img/cocktail/p_dirty_mother.gif
206,25,40,,https://www.suntory.co.jp/wnb/img/cocktail/p_cherry_blossom.gif
207,8,25,,https://www.suntory.co.jp/wnb/img/cocktail/p_tivoli_special.gif
208,8,25,,https://www.suntory.co.jp/wnb/img/cocktail/p_choco_cassis_soda.gif
209,8,25,,https://www.suntory.co.jp/wnb/img/cocktail/p_chocolate_sour.gif
210,8,25,,https://www.suntory.co.jp/wnb/img/cocktail/p_tiffin_orange.gif
211,8,25,,https://www.suntory.co.jp/wnb/img/cocktail/p_tiffin_cassis_tea.gif
212,8,25,,https://www.suntory.co.jp/wnb/img/cocktail/p_tiffin_milk.gif
213,8,25,,https://www.suntory.co.jp/wnb/img/cocktail/p_tiffin_lemon_soda.gif
214,25,40,,https://www.suntory.co.jp/wnb/img/cocktail/p_troika.gif
215,8,25,,https://www.suntory.co.jp/wnb/img/cocktail/p_dramatic_aroma.gif
216,8,25,,https://www.suntory.co.jp/wnb/img/cocktail/p_drambuie_orange_shake.gif
217,8,25,,https://www.suntory.co.jp/wnb/img/cocktail/p_drambuie_tonic.gif
218,8,25,,https://www.suntory.co.jp/wnb/img/cocktail/p_valencia.gif
219,1,8,,https://www.suntory.co.jp/wnb/img/cocktail/p_paraiso_orange.gif
220,1,8,,https://www.suntory.co.jp/wnb/img/cocktail/p_paraiso_grapefruit.gif
221,8,25,,https://www.suntory.co.jp/wnb/img/cocktail/p_heering_tonic.gif
222,25,40,,https://www.suntory.co.jp/wnb/img/cocktail/p_between_the_sheets.gif
223,8,25,,https://www.suntory.co.jp/wnb/img/cocktail/p_peach_oolong.gif
224,25,40,,https://www.suntory.co.jp/wnb/img/cocktail/p_fairy_land.gif
225,1,8,,https://www.suntory.co.jp/wnb/img/cocktail/p_blue_colada.gif
226,8,25,,https://www.suntory.co.jp/wnb/img/cocktail/p_blueberry_royal.gif
227,8,25,,https://www.suntory.co.jp/wnb/img/cocktail/p_prucia_perrier.gif
228,8,25,,https://www.suntory.co.jp/wnb/img/cocktail/p_prucia_royal.gif
229,1,8,,https://www.suntory.co.jp/wnb/img/cocktail/p_very_berry_milk.gif
230,25,40,,https://www.suntory.co.jp/wnb/img/cocktail/p_velvet_hammer.gif
231,1,8,,https://www.suntory.co.jp/wnb/img/cocktail/p_hot_mozart_milk.gif
232,8,25,,https://www.suntory.co.jp/wnb/img/cocktail/p_white_alexander.gif
233,8,25,,https://www.suntory.co.jp/wnb/img/cocktail/p_white_choco_milk.gif
234,1,8,,https://www.suntory.co.jp/wnb/img/cocktail/p_white_mozart_mint.gif
235,8,25,,https://www.suntory.co.jp/wnb/img/cocktail/p_boccie_ball.gif
236,1,8,,https://www.suntory.co.jp/wnb/img/cocktail/p_maccha_kahlua_milk.gif
237,1,8,,https://www.suntory.co.jp/wnb/img/cocktail/p_malibu_orange.gif
238,1,8,,https://www.suntory.co.jp/wnb/img/cocktail/p_malibu_pina_colada.gif
239,1,8,,https://www.suntory.co.jp/wnb/img/cocktail/p_malibu_milk.gif
240,8,25,,https://www.suntory.co.jp/wnb/img/cocktail/p_mangoyan_cocopine.gif
241,1,8,,https://www.suntory.co.jp/wnb/img/cocktail/p_mangoyan_milk.gif
242,8,25,,https://www.suntory.co.jp/wnb/img/cocktail/p_mangoyan_lassi.gif
243,8,25,,https://www.suntory.co.jp/wnb/img/cocktail/p_midori_illusion.gif
244,1,8,,https://www.suntory.co.jp/wnb/img/cocktail/p_midori_colada.gif
245,8,25,,https://www.suntory.co.jp/wnb/img/cocktail/p_midori_spumoni.gif
246,8,25,,https://www.suntory.co.jp/wnb/img/cocktail/p_midori_splice.gif
247,8,25,,https://www.suntory.co.jp/wnb/img/cocktail/p_midori_pash.gif
248,1,8,,https://www.suntory.co.jp/wnb/img/cocktail/p_midori_milk.gif
249,8,25,,https://www.suntory.co.jp/wnb/img/cocktail/p_mint_frappe.gif
250,1,8,,https://www.suntory.co.jp/wnb/img/cocktail/p_mozart_ice_cream.gif
251,8,25,,https://www.suntory.co.jp/wnb/img/cocktail/p_mozart_chocolate_frappe.gif
252,8,25,,https://www.suntory.co.jp/wnb/img/cocktail/p_yogurito_ginger.gif
253,8,25,,https://www.suntory.co.jp/wnb/img/cocktail/p_yogurito_soda.gif
254,8,25,,https://www.suntory.co.jp/wnb/img/cocktail/p_yogurito_pineapple.gif
255,1,8,,https://www.suntory.co.jp/wnb/img/cocktail/p_yogurito_milk.gif
256,8,25,,https://www.suntory.co.jp/wnb/img/cocktail/p_apple_ginger.gif
257,1,8,,https://www.suntory.co.jp/wnb/img/cocktail/p_cassis_oolong.gif
258,1,8,,https://www.suntory.co.jp/wnb/img/cocktail/p_cassis_colada.gif
259,1,8,,https://www.suntory.co.jp/wnb/img/cocktail/p_quartet_soda.gif
260,1,8,,https://www.suntory.co.jp/wnb/img/cocktail/p_strawberry_colada.gif
261,8,25,,https://www.suntory.co.jp/wnb/img/cocktail/p_framboise_grapefruit.gif
262,8,25,,https://www.suntory.co.jp/wnb/img/cocktail/p_peche_royal.gif
263,8,25,,https://www.suntory.co.jp/wnb/img/cocktail/p_red_lion.gif
264,8,25,,https://www.suntory.co.jp/wnb/img/cocktail/p_royal_quartet.gif
265,25,40,,https://www.suntory.co.jp/wnb/img/cocktail/p_long_island_iced_tea.gif
266,1,8,,https://www.suntory.co.jp/wnb/img/cocktail/p_apple_chocolat.gif
267,1,8,,https://www.suntory.co.jp/wnb/img/cocktail/p_haleine.gif
268,8,25,,https://www.suntory.co.jp/wnb/img/cocktail/p_aile_dore.gif
269,1,8,,https://www.suntory.co.jp/wnb/img/cocktail/p_cassis_chocolat_con_cinamon.gif
270,1,8,,https://www.suntory.co.jp/wnb/img/cocktail/p_citrus_chocolat.gif
271,25,40,,https://www.suntory.co.jp/wnb/img/cocktail/p_suikyoan.gif
272,1,8,,https://www.suntory.co.jp/wnb/img/cocktail/p_blackberry_choco_kahlua.gif
273,25,40,,https://www.suntory.co.jp/wnb/img/cocktail/p_prucian_blossom.gif
274,1,8,,https://www.suntory.co.jp/wnb/img/cocktail/p_mozart_cafemocha.gif
275,1,8,,https://www.suntory.co.jp/wnb/img/cocktail/p_mozart_chocolat_milk.gif
276,8,25,,https://www.suntory.co.jp/wnb/img/cocktail/p_lejay_chocolatre.gif
277,8,25,,https://www.suntory.co.jp/wnb/img/cocktail/p_apple_blanc.gif
278,8,25,,https://www.suntory.co.jp/wnb/img/cocktail/p_cardinal.gif
279,8,25,,https://www.suntory.co.jp/wnb/img/cocktail/p_kir.gif
280,1,8,,https://www.suntory.co.jp/wnb/img/cocktail/p_spritzer.gif
281,8,25,,https://www.suntory.co.jp/wnb/img/cocktail/p_blueberry_splitzer.gif
282,8,25,,https://www.suntory.co.jp/wnb/img/cocktail/p_wine_cooler.gif
283,1,8,,https://www.suntory.co.jp/wnb/img/cocktail/p_red_eye.gif
284,1,8,,https://www.suntory.co.jp/wnb/img/cocktail/p_shandy_gaff.gif
285,1,8,,https://www.suntory.co.jp/wnb/img/cocktail/p_panache.gif
286,1,8,,https://www.suntory.co.jp/wnb/img/cocktail/p_black_velvet.gif
287,8,25,,https://www.suntory.co.jp/wnb/img/cocktail/p_irish_coffee.gif
288,25,40,,https://www.suntory.co.jp/wnb/img/cocktail/p_al_capone.gif
289,8,25,,https://www.suntory.co.jp/wnb/img/cocktail/p_whisky_crush.gif
290,8,25,,https://www.suntory.co.jp/wnb/img/cocktail/p_whisky_soda.gif
291,25,40,,https://www.suntory.co.jp/wnb/img/cocktail/p_whisky_float.gif
292,25,40,,https://www.suntory.co.jp/wnb/img/cocktail/p_old_fashioned.gif
293,25,40,,https://www.suntory.co.jp/wnb/img/cocktail/p_cotton_flower.gif
294,25,40,,https://www.suntory.co.jp/wnb/img/cocktail/p_god_father.gif
295,8,25,,https://www.suntory.co.jp/wnb/img/cocktail/p_saint_andrews.gif
296,8,25,,https://www.suntory.co.jp/wnb/img/cocktail/p_chocolate_highball.gif
297,25,40,,https://www.suntory.co.jp/wnb/img/cocktail/p_chocolate_fashioned.gif
298,25,40,,https://www.suntory.co.jp/wnb/img/cocktail/p_chocolate_manhattan.gif
299,25,40,,https://www.suntory.co.jp/wnb/img/cocktail/p_dry_manhattan.gif
300,25,40,,https://www.suntory.co.jp/wnb/img/cocktail/p_new_york.gif
301,25,40,,https://www.suntory.co.jp/wnb/img/cocktail/p_hunter.gif
302,25,40,,https://www.suntory.co.jp/wnb/img/cocktail/p_bourbonella.gif
303,8,25,,https://www.suntory.co.jp/wnb/img/cocktail/p_Mamie_Taylor.gif
304,25,40,,https://www.suntory.co.jp/wnb/img/cocktail/p_manhattan.gif
305,25,40,,https://www.suntory.co.jp/wnb/img/cocktail/p_rusty_nail.gif
306,25,40,,https://www.suntory.co.jp/wnb/img/cocktail/p_rob_roy.gif
307,8,25,,https://www.suntory.co.jp/wnb/img/cocktail/p_eggnog.gif
308,8,25,,https://www.suntory.co.jp/wnb/img/cocktail/no_images.gif
309,8,25,,https://www.suntory.co.jp/wnb/img/cocktail/p_kentucky_coffee.gif
310,8,25,,https://www.suntory.co.jp/wnb/img/cocktail/p_tamayura.gif
311,8,25,,https://www.suntory.co.jp/wnb/img/cocktail/p_bourbon_sour.gif
312,8,25,,https://www.suntory.co.jp/wnb/img/cocktail/p_bourbon_buck.gif
313,8,25,,https://www.suntory.co.jp/wnb/img/cocktail/p_mint_julep.gif
314,8,25,,https://www.suntory.co.jp/wnb/img/cocktail/p_makersmark_highball.gif
315,8,25,,https://www.suntory.co.jp/wnb/img/cocktail/p_red_cattleya.gif
316,1,8,,https://images-na.ssl-images-amazon.com/images/I/61QY9n7gt1L._SL1000_.jpg
317,1,8,,https://images-na.ssl-images-amazon.com/images/I/61KpbPLllFL._SL1000_.jpg
318,1,8,,http://sbssupport.jp/news/2014/20140717_01/index.files/img/pic01.jpg
319,8,25,,https://oisiso.com/imagess_3/sake_hkisn.gif
320,8,25,,https://oisiso.com/imagess_2/sake/dassai.gif
321,1,8,,https://uds.gnst.jp/rest/img/6f7gh4fm0000/s_0qqp.jpg?t=1536717353
322,1,8,,https://gourmet.suntory.co.jp/contents/beamhighball/img/about-jimbeam-img1.png
323,1,8,,https://tblg.k-img.com/restaurant/images/Rvw/59802/640x640_rect_59802695.jpg
324,8,25,,https://www.suntory.co.jp/products/pimg/25GZ_R1_20111227.jpg?_x=135&_y=350
325,8,25,,http://www.kirishima.co.jp/products/imo/images/kuro-kirishima_img_01.jpg
326,25,40,,https://images-na.ssl-images-amazon.com/images/I/51hhyuQxq8L._SL1066_.jpg
327,8,25,,https://image.osakefreak.com/article/original/25138.jpg
328,8,25,,http://c120378990ckenkou.blog.so-net.ne.jp/_images/blog/_7ae/c120378990ckenkou/1990723.jpg
329,8,25,,http://image.news.livedoor.com/newsimage/f/9/f9127_1238_9516308e_b5c54d8f.jpg
330,8,25,,https://images-na.ssl-images-amazon.com/images/I/71hng4uOozL._SL1000_.jpg
331,8,25,,https://images-na.ssl-images-amazon.com/images/I/61R7wQkn3BL._SL1000_.jpg
332,1,8,,https://images-na.ssl-images-amazon.com/images/I/51HwfUQKjuL.jpg
333,1,8,,https://www.pokkasapporo-fb.jp/recipes/images/1362.jpg?_size=2
334,1,8,,https://www.pokkasapporo-fb.jp/uchinomi/yuzupeel/img/cocktail_recipe_p01.jpg
335,1,8,,http://www.kokoro-izakaya.jp/wp-content/themes/kokoro/images/drink/juice/uroncha.jpg
336,1,8,,https://www.jefb.co.jp/files/menus/00000113_eye_catch.png?1500981889
337,1,8,,http://buzz-netnews.com/wp-content/uploads/2016/08/8e0c9a5614555db45312780cff1334be-600x397.jpg
338,1,8,,https://images-na.ssl-images-amazon.com/images/I/71nCIx2J5DL._SL1500_.jpg
339,1,8,,http://www.kokoro-izakaya.jp/wp-content/themes/kokoro/images/drink/juice/karupisu.jpg
