id,compornent_id,language,name,description
1,1,0,ジン,
2,1,1,gin,
3,1,2,杜松子酒,
4,2,0,オレンジジュース,
5,2,1,Orange juice,
6,2,2,橙汁,
7,1,0,ジン,
8,1,1,gin,
9,1,2,杜松子酒,
10,3,0,サントリーカクテルライム,
11,3,1,Suntory Cocktail Lime,
12,3,2,三得利鸡尾酒石灰,
13,1,0,ジン,
14,1,1,gin,
15,1,2,杜松子酒,
16,4,0,ヒーリングチェリー,
17,4,1,Healing cherry,
18,4,2,愈合樱桃,
19,5,0,フレッシュレモンジュース,
20,5,1,Fresh lemon juice,
21,5,2,新鲜的柠檬汁,
22,6,0,砂糖,
23,6,1,sugar,
24,6,2,糖,
25,7,0,ソーダ,
26,7,1,soda,
27,7,2,苏打,
28,1,0,ジン,
29,1,1,gin,
30,1,2,杜松子酒,
31,8,0,トニックウォーター,
32,8,1,Tonic Water,
33,8,2,滋补水,
34,9,0,ビーフィーター24,
35,9,1,Beefeater 24,
36,9,2,Beefeater 24,
37,8,0,トニックウォーター,
38,8,1,Tonic Water,
39,8,2,滋补水,
40,1,0,ジン,
41,1,1,gin,
42,1,2,杜松子酒,
43,10,0,ホワイトキュラソー（トリプルセック）,
44,10,1,White Curacao (Triple Sek),
45,10,2,白色库拉索岛（Triple Sek）,
46,5,0,フレッシュレモンジュース,
47,5,1,Fresh lemon juice,
48,5,2,新鲜的柠檬汁,
49,1,0,ジン,
50,1,1,gin,
51,1,2,杜松子酒,
52,11,0,ドライベルモット,
53,11,1,Dry vermouth,
54,11,2,干苦艾酒,
55,12,0,マスカット　リキュール　ド　フランス　ミスティア,
56,12,1,Muscat liqueur de France Mistya,
57,12,2,马斯喀特利口酒法国Mistya,
58,1,0,ジン,
59,1,1,gin,
60,1,2,杜松子酒,
61,1,0,ジン,
62,1,1,gin,
63,1,2,杜松子酒,
64,13,0,ミントリキュール（グリーン）,
65,13,1,Mint liqueur (green),
66,13,2,薄荷利口酒（绿色）,
67,14,0,パイナップルジュース,
68,14,1,Pineapple juice,
69,14,2,菠萝汁,
70,1,0,ジン,
71,1,1,gin,
72,1,2,杜松子酒,
73,15,0,ストーンズジンジャー,
74,15,1,Stones Ginger,
75,15,2,石姜,
76,16,0,フレッシュライムジュース,
77,16,1,Fresh lime juice,
78,16,2,新鲜的酸橙汁,
79,4,0,ヒーリングチェリー,
80,4,1,Healing cherry,
81,4,2,愈合樱桃,
82,1,0,ジン,
83,1,1,gin,
84,1,2,杜松子酒,
85,11,0,ドライベルモット,
86,11,1,Dry vermouth,
87,11,2,干苦艾酒,
88,1,0,ジン,
89,1,1,gin,
90,1,2,杜松子酒,
91,11,0,ドライベルモット,
92,11,1,Dry vermouth,
93,11,2,干苦艾酒,
94,17,0,パールオニオン,
95,17,1,Pearl onion,
96,17,2,珍珠洋葱,
97,1,0,ジン,
98,1,1,gin,
99,1,2,杜松子酒,
100,18,0,イエーガーマイスター,
101,18,1,Jaeger Meister,
102,18,2,杰格梅斯特,
103,1,0,ジン,
104,1,1,gin,
105,1,2,杜松子酒,
106,11,0,ドライベルモット,
107,11,1,Dry vermouth,
108,11,2,干苦艾酒,
109,19,0,ハーベイシェリー　ブリストルクリーム,
110,19,1,Harvey Sherry Bristol cream,
111,19,2,哈维雪利酒布里斯托尔奶油,
112,1,0,ジン,
113,1,1,gin,
114,1,2,杜松子酒,
115,5,0,フレッシュレモンジュース,
116,5,1,Fresh lemon juice,
117,5,2,新鲜的柠檬汁,
118,20,0,ジンジャーエール,
119,20,1,Ginger ale,
120,20,2,姜汁啤酒,
121,1,0,ジン,
122,1,1,gin,
123,1,2,杜松子酒,
124,5,0,フレッシュレモンジュース,
125,5,1,Fresh lemon juice,
126,5,2,新鲜的柠檬汁,
127,6,0,砂糖,
128,6,1,sugar,
129,6,2,糖,
130,7,0,ソーダ,
131,7,1,soda,
132,7,2,苏打,
133,1,0,ジン,
134,1,1,gin,
135,1,2,杜松子酒,
136,21,0,ライム,
137,21,1,lime,
138,21,2,石灰,
139,7,0,ソーダ,
140,7,1,soda,
141,7,2,苏打,
142,1,0,ジン,
143,1,1,gin,
144,1,2,杜松子酒,
145,22,0,ジャポネ桜,
146,22,1,Japonaisakura,
147,22,2,Japone樱花,
148,23,0,ピーチリキュール,
149,23,1,Peach liqueur,
150,23,2,桃利口酒,
151,24,0,サントリーカクテルレモン,
152,24,1,Suntory Cocktail Lemon,
153,24,2,三得利鸡尾酒柠檬,
154,2,0,オレンジジュース,
155,2,1,Orange juice,
156,2,2,橙汁,
157,1,0,ジン,
158,1,1,gin,
159,1,2,杜松子酒,
160,11,0,ドライベルモット,
161,11,1,Dry vermouth,
162,11,2,干苦艾酒,
163,25,0,スイートベルモット,
164,25,1,Suite Vermouth,
165,25,2,套房苦艾酒,
166,26,0,オレンジキュラソー,
167,26,1,Orange Curacao,
168,26,2,橙色库拉索岛,
169,2,0,オレンジジュース,
170,2,1,Orange juice,
171,2,2,橙汁,
172,1,0,ジン,
173,1,1,gin,
174,1,2,杜松子酒,
175,27,0,モーツァルト　ブラック,
176,27,1,Mozart Black,
177,27,2,莫扎特布莱克,
178,3,0,サントリーカクテルライム,
179,3,1,Suntory Cocktail Lime,
180,3,2,三得利鸡尾酒石灰,
181,1,0,ジン,
182,1,1,gin,
183,1,2,杜松子酒,
184,27,0,モーツァルト　ブラック,
185,27,1,Mozart Black,
186,27,2,莫扎特布莱克,
187,4,0,ヒーリングチェリー,
188,4,1,Healing cherry,
189,4,2,愈合樱桃,
190,5,0,フレッシュレモンジュース,
191,5,1,Fresh lemon juice,
192,5,2,新鲜的柠檬汁,
193,28,0,ガムシロップ,
194,28,1,gum syrup,
195,28,2,口香糖糖浆,
196,7,0,ソーダ,
197,7,1,soda,
198,7,2,苏打,
199,29,0,レモンスライス,
200,29,1,Lemon slice,
201,29,2,柠檬片,
202,9,0,ビーフィーター24,
203,9,1,Beefeater 24,
204,9,2,Beefeater 24,
205,8,0,トニックウォーター,
206,8,1,Tonic Water,
207,8,2,滋补水,
208,9,0,ビーフィーター24,
209,9,1,Beefeater 24,
210,9,2,Beefeater 24,
211,11,0,ドライベルモット,
212,11,1,Dry vermouth,
213,11,2,干苦艾酒,
214,1,0,ジン,
215,1,1,gin,
216,1,2,杜松子酒,
217,5,0,フレッシュレモンジュース,
218,5,1,Fresh lemon juice,
219,5,2,新鲜的柠檬汁,
220,6,0,砂糖,
221,6,1,sugar,
222,6,2,糖,
223,7,0,ソーダ,
224,7,1,soda,
225,7,2,苏打,
226,1,0,ジン,
227,1,1,gin,
228,1,2,杜松子酒,
229,30,0,ルジェ　クレーム　ド　アプリコット,
230,30,1,Ruge Cream apricot,
231,30,2,Ruge奶油杏,
232,2,0,オレンジジュース,
233,2,1,Orange juice,
234,2,2,橙汁,
235,1,0,ジン,
236,1,1,gin,
237,1,2,杜松子酒,
238,11,0,ドライベルモット,
239,11,1,Dry vermouth,
240,11,2,干苦艾酒,
241,31,0,ルジェ　クレーム　ド　カシス,
242,31,1,Ruge Cream de Cassis,
243,31,2,Ruge Cream de Cassis,
244,1,0,ジン,
245,1,1,gin,
246,1,2,杜松子酒,
247,32,0,グレナデンシロップ,
248,32,1,Grenadin syrup,
249,32,2,格林纳丁糖浆,
250,33,0,卵白,
251,33,1,Egg white,
252,33,2,蛋清,
253,1,0,ジン,
254,1,1,gin,
255,1,2,杜松子酒,
256,5,0,フレッシュレモンジュース,
257,5,1,Fresh lemon juice,
258,5,2,新鲜的柠檬汁,
259,6,0,砂糖,
260,6,1,sugar,
261,6,2,糖,
262,34,0,シャンパン,
263,34,1,Champagne,
264,34,2,香槟酒,
265,1,0,ジン,
266,1,1,gin,
267,1,2,杜松子酒,
268,35,0,バイオレットリキュール,
269,35,1,Violet liqueur,
270,35,2,紫罗兰利口酒,
271,5,0,フレッシュレモンジュース,
272,5,1,Fresh lemon juice,
273,5,2,新鲜的柠檬汁,
274,1,0,ジン,
275,1,1,gin,
276,1,2,杜松子酒,
277,11,0,ドライベルモット,
278,11,1,Dry vermouth,
279,11,2,干苦艾酒,
280,25,0,スイートベルモット,
281,25,1,Suite Vermouth,
282,25,2,套房苦艾酒,
283,2,0,オレンジジュース,
284,2,1,Orange juice,
285,2,2,橙汁,
286,1,0,ジン,
287,1,1,gin,
288,1,2,杜松子酒,
289,36,0,カカオリキュール,
290,36,1,Cacao Liqueur,
291,36,2,可可利口酒,
292,37,0,生クリーム,
293,37,1,Fresh cream,
294,37,2,鲜奶油,
295,1,0,ジン,
296,1,1,gin,
297,1,2,杜松子酒,
298,25,0,スイートベルモット,
299,25,1,Suite Vermouth,
300,25,2,套房苦艾酒,
301,14,0,パイナップルジュース,
302,14,1,Pineapple juice,
303,14,2,菠萝汁,
304,32,0,グレナデンシロップ,
305,32,1,Grenadin syrup,
306,32,2,格林纳丁糖浆,
307,33,0,卵白,
308,33,1,Egg white,
309,33,2,蛋清,
310,38,0,ウォッカ,
311,38,1,vodka,
312,38,2,伏特加酒,
313,1,0,ジン,
314,1,1,gin,
315,1,2,杜松子酒,
316,36,0,カカオリキュール,
317,36,1,Cacao Liqueur,
318,36,2,可可利口酒,
319,1,0,ジン,
320,1,1,gin,
321,1,2,杜松子酒,
322,38,0,ウォッカ,
323,38,1,vodka,
324,38,2,伏特加酒,
325,39,0,ブルガル　エクストラドライ,
326,39,1,Bulgar Extra Dry,
327,39,2,Bulgar Extra Dry,
328,40,0,テキーラ　サウザ　シルバー,
329,40,1,Tequila Thousand Silver,
330,40,2,龙舌兰酒一千银,
331,10,0,ホワイトキュラソー（トリプルセック）,
332,10,1,White Curacao (Triple Sek),
333,10,2,白色库拉索岛（Triple Sek）,
334,5,0,フレッシュレモンジュース,
335,5,1,Fresh lemon juice,
336,5,2,新鲜的柠檬汁,
337,41,0,コーラ,
338,41,1,Cola,
339,41,2,可口可乐,
340,23,0,ピーチリキュール,
341,23,1,Peach liqueur,
342,23,2,桃利口酒,
343,42,0,ジャパニーズクラフトジン　ROKU（六）,
344,42,1,Japanese Craft Gin ROKU (六),
345,42,2,日本工艺金ROKU（六）,
346,30,0,ルジェ　クレーム　ド　アプリコット,
347,30,1,Ruge Cream apricot,
348,30,2,Ruge奶油杏,
349,5,0,フレッシュレモンジュース,
350,5,1,Fresh lemon juice,
351,5,2,新鲜的柠檬汁,
352,43,0,オランジーナ　フレンチスパークリング,
353,43,1,Orangina French sparkling,
354,43,2,Orangina法国闪闪发光,
355,1,0,ジン,
356,1,1,gin,
357,1,2,杜松子酒,
358,44,0,エックスレイテッド,
359,44,1,X-rated,
360,44,2,X射线特德,
361,45,0,ディサローノアマレット,
362,45,1,Disarrono Amaretto,
363,45,2,Disarrono Amaretto,
364,46,0,グレープフルーツジュース,
365,46,1,Grapefruit juice,
366,46,2,葡萄柚汁,
367,16,0,フレッシュライムジュース,
368,16,1,Fresh lime juice,
369,16,2,新鲜的酸橙汁,
370,38,0,ウォッカ,
371,38,1,vodka,
372,38,2,伏特加酒,
373,46,0,グレープフルーツジュース,
374,46,1,Grapefruit juice,
375,46,2,葡萄柚汁,
376,47,0,塩,
377,47,1,salt,
378,47,2,盐,
379,38,0,ウォッカ,
380,38,1,vodka,
381,38,2,伏特加酒,
382,16,0,フレッシュライムジュース,
383,16,1,Fresh lime juice,
384,16,2,新鲜的酸橙汁,
385,20,0,ジンジャーエール,
386,20,1,Ginger ale,
387,20,2,姜汁啤酒,
388,38,0,ウォッカ,
389,38,1,vodka,
390,38,2,伏特加酒,
391,8,0,トニックウォーター,
392,8,1,Tonic Water,
393,8,2,滋补水,
394,38,0,ウォッカ,
395,38,1,vodka,
396,38,2,伏特加酒,
397,11,0,ドライベルモット,
398,11,1,Dry vermouth,
399,11,2,干苦艾酒,
400,38,0,ウォッカ,
401,38,1,vodka,
402,38,2,伏特加酒,
403,21,0,ライム,
404,21,1,lime,
405,21,2,石灰,
406,7,0,ソーダ,
407,7,1,soda,
408,7,2,苏打,
409,38,0,ウォッカ,
410,38,1,vodka,
411,38,2,伏特加酒,
412,31,0,ルジェ　クレーム　ド　カシス,
413,31,1,Ruge Cream de Cassis,
414,31,2,Ruge Cream de Cassis,
415,46,0,グレープフルーツジュース,
416,46,1,Grapefruit juice,
417,46,2,葡萄柚汁,
418,24,0,サントリーカクテルレモン,
419,24,1,Suntory Cocktail Lemon,
420,24,2,三得利鸡尾酒柠檬,
421,32,0,グレナデンシロップ,
422,32,1,Grenadin syrup,
423,32,2,格林纳丁糖浆,
424,38,0,ウォッカ,
425,38,1,vodka,
426,38,2,伏特加酒,
427,21,0,ライム,
428,21,1,lime,
429,21,2,石灰,
430,6,0,砂糖,
431,6,1,sugar,
432,6,2,糖,
433,38,0,ウォッカ,
434,38,1,vodka,
435,38,2,伏特加酒,
436,10,0,ホワイトキュラソー（トリプルセック）,
437,10,1,White Curacao (Triple Sek),
438,10,2,白色库拉索岛（Triple Sek）,
439,16,0,フレッシュライムジュース,
440,16,1,Fresh lime juice,
441,16,2,新鲜的酸橙汁,
442,38,0,ウォッカ,
443,38,1,vodka,
444,38,2,伏特加酒,
445,48,0,スロージン,
446,48,1,Sloe Gin,
447,48,2,黑刺李杜松子酒,
448,11,0,ドライベルモット,
449,11,1,Dry vermouth,
450,11,2,干苦艾酒,
451,5,0,フレッシュレモンジュース,
452,5,1,Fresh lemon juice,
453,5,2,新鲜的柠檬汁,
454,38,0,ウォッカ,
455,38,1,vodka,
456,38,2,伏特加酒,
457,10,0,ホワイトキュラソー（トリプルセック）,
458,10,1,White Curacao (Triple Sek),
459,10,2,白色库拉索岛（Triple Sek）,
460,49,0,クランベリージュース,
461,49,1,Cranberry juice,
462,49,2,蔓越莓汁,
463,16,0,フレッシュライムジュース,
464,16,1,Fresh lime juice,
465,16,2,新鲜的酸橙汁,
466,50,0,アマレット,
467,50,1,Amaret,
468,50,2,阿玛丽托,
469,38,0,ウォッカ,
470,38,1,vodka,
471,38,2,伏特加酒,
472,38,0,ウォッカ,
473,38,1,vodka,
474,38,2,伏特加酒,
475,46,0,グレープフルーツジュース,
476,46,1,Grapefruit juice,
477,46,2,葡萄柚汁,
478,49,0,クランベリージュース,
479,49,1,Cranberry juice,
480,49,2,蔓越莓汁,
481,38,0,ウォッカ,
482,38,1,vodka,
483,38,2,伏特加酒,
484,2,0,オレンジジュース,
485,2,1,Orange juice,
486,2,2,橙汁,
487,38,0,ウォッカ,
488,38,1,vodka,
489,38,2,伏特加酒,
490,14,0,パイナップルジュース,
491,14,1,Pineapple juice,
492,14,2,菠萝汁,
493,51,0,ココナッツミルク,
494,51,1,Coconut milk,
495,51,2,椰奶,
496,38,0,ウォッカ,
497,38,1,vodka,
498,38,2,伏特加酒,
499,27,0,モーツァルト　ブラック,
500,27,1,Mozart Black,
501,27,2,莫扎特布莱克,
502,52,0,レモンピール,
503,52,1,Lemon peel,
504,52,2,柠檬皮,
505,38,0,ウォッカ,
506,38,1,vodka,
507,38,2,伏特加酒,
508,10,0,ホワイトキュラソー（トリプルセック）,
509,10,1,White Curacao (Triple Sek),
510,10,2,白色库拉索岛（Triple Sek）,
511,5,0,フレッシュレモンジュース,
512,5,1,Fresh lemon juice,
513,5,2,新鲜的柠檬汁,
514,38,0,ウォッカ,
515,38,1,vodka,
516,38,2,伏特加酒,
517,10,0,ホワイトキュラソー（トリプルセック）,
518,10,1,White Curacao (Triple Sek),
519,10,2,白色库拉索岛（Triple Sek）,
520,5,0,フレッシュレモンジュース,
521,5,1,Fresh lemon juice,
522,5,2,新鲜的柠檬汁,
523,38,0,ウォッカ,
524,38,1,vodka,
525,38,2,伏特加酒,
526,53,0,アップルジュース,
527,53,1,Apple juice,
528,53,2,苹果汁,
529,38,0,ウォッカ,
530,38,1,vodka,
531,38,2,伏特加酒,
532,54,0,カルーア　コーヒーリキュール,
533,54,1,Kalua coffee liqueur,
534,54,2,Kalua咖啡利口酒,
535,38,0,ウォッカ,
536,38,1,vodka,
537,38,2,伏特加酒,
538,55,0,トマトジュース,
539,55,1,tomato juice,
540,55,2,番茄汁,
541,56,0,ビーフブイヨン,
542,56,1,Beef broth,
543,56,2,牛肉汤,
544,5,0,フレッシュレモンジュース,
545,5,1,Fresh lemon juice,
546,5,2,新鲜的柠檬汁,
547,38,0,ウォッカ,
548,38,1,vodka,
549,38,2,伏特加酒,
550,55,0,トマトジュース,
551,55,1,tomato juice,
552,55,2,番茄汁,
553,38,0,ウォッカ,
554,38,1,vodka,
555,38,2,伏特加酒,
556,57,0,ザ・ブルー（ブルーキュラソー）,
557,57,1,The Blue (Blue Curaçõ),
558,57,2,蓝色（蓝色Curaçõ）,
559,5,0,フレッシュレモンジュース,
560,5,1,Fresh lemon juice,
561,5,2,新鲜的柠檬汁,
562,38,0,ウォッカ,
563,38,1,vodka,
564,38,2,伏特加酒,
565,56,0,ビーフブイヨン,
566,56,1,Beef broth,
567,56,2,牛肉汤,
568,38,0,ウォッカ,
569,38,1,vodka,
570,38,2,伏特加酒,
571,54,0,カルーア　コーヒーリキュール,
572,54,1,Kalua coffee liqueur,
573,54,2,Kalua咖啡利口酒,
574,37,0,生クリーム,
575,37,1,Fresh cream,
576,37,2,鲜奶油,
577,58,0,ミドリ,
578,58,1,Midori,
579,58,2,绿,
580,38,0,ウォッカ,
581,38,1,vodka,
582,38,2,伏特加酒,
583,11,0,ドライベルモット,
584,11,1,Dry vermouth,
585,11,2,干苦艾酒,
586,38,0,ウォッカ,
587,38,1,vodka,
588,38,2,伏特加酒,
589,58,0,ミドリ,
590,58,1,Midori,
591,58,2,绿,
592,2,0,オレンジジュース,
593,2,1,Orange juice,
594,2,2,橙汁,
595,27,0,モーツァルト　ブラック,
596,27,1,Mozart Black,
597,27,2,莫扎特布莱克,
598,38,0,ウォッカ,
599,38,1,vodka,
600,38,2,伏特加酒,
601,59,0,サントリーウォッカ,
602,59,1,Suntory Vodka,
603,59,2,三得利伏特加,
604,10,0,ホワイトキュラソー（トリプルセック）,
605,10,1,White Curacao (Triple Sek),
606,10,2,白色库拉索岛（Triple Sek）,
607,3,0,サントリーカクテルライム,
608,3,1,Suntory Cocktail Lime,
609,3,2,三得利鸡尾酒石灰,
610,38,0,ウォッカ,
611,38,1,vodka,
612,38,2,伏特加酒,
613,60,0,キルシュワッサー,
614,60,1,Kirschwasser,
615,60,2,基尔希瓦瑟斯坦,
616,61,0,グリーンティリキュール,
617,61,1,Green tea liqueur,
618,61,2,绿茶利口酒,
619,38,0,ウォッカ,
620,38,1,vodka,
621,38,2,伏特加酒,
622,1,0,ジン,
623,1,1,gin,
624,1,2,杜松子酒,
625,36,0,カカオリキュール,
626,36,1,Cacao Liqueur,
627,36,2,可可利口酒,
628,62,0,ルジェ　グリーンアップル,
629,62,1,Ruge Green Apple,
630,62,2,Ruge Green Apple,
631,38,0,ウォッカ,
632,38,1,vodka,
633,38,2,伏特加酒,
634,38,0,ウォッカ,
635,38,1,vodka,
636,38,2,伏特加酒,
637,55,0,トマトジュース,
638,55,1,tomato juice,
639,55,2,番茄汁,
640,63,0,ビール,
641,63,1,beer,
642,63,2,啤酒,
643,1,0,ジン,
644,1,1,gin,
645,1,2,杜松子酒,
646,38,0,ウォッカ,
647,38,1,vodka,
648,38,2,伏特加酒,
649,39,0,ブルガル　エクストラドライ,
650,39,1,Bulgar Extra Dry,
651,39,2,Bulgar Extra Dry,
652,40,0,テキーラ　サウザ　シルバー,
653,40,1,Tequila Thousand Silver,
654,40,2,龙舌兰酒一千银,
655,10,0,ホワイトキュラソー（トリプルセック）,
656,10,1,White Curacao (Triple Sek),
657,10,2,白色库拉索岛（Triple Sek）,
658,5,0,フレッシュレモンジュース,
659,5,1,Fresh lemon juice,
660,5,2,新鲜的柠檬汁,
661,41,0,コーラ,
662,41,1,Cola,
663,41,2,可口可乐,
664,64,0,テキーラ　サウザ　ブルー,
665,64,1,Tequila Sauza Blue,
666,64,2,龙舌兰酒Sauza Blue,
667,10,0,ホワイトキュラソー（トリプルセック）,
668,10,1,White Curacao (Triple Sek),
669,10,2,白色库拉索岛（Triple Sek）,
670,16,0,フレッシュライムジュース,
671,16,1,Fresh lime juice,
672,16,2,新鲜的酸橙汁,
673,64,0,テキーラ　サウザ　ブルー,
674,64,1,Tequila Sauza Blue,
675,64,2,龙舌兰酒Sauza Blue,
676,31,0,ルジェ　クレーム　ド　カシス,
677,31,1,Ruge Cream de Cassis,
678,31,2,Ruge Cream de Cassis,
679,5,0,フレッシュレモンジュース,
680,5,1,Fresh lemon juice,
681,5,2,新鲜的柠檬汁,
682,20,0,ジンジャーエール,
683,20,1,Ginger ale,
684,20,2,姜汁啤酒,
685,65,0,テキーラ　サウザ　ゴールド,
686,65,1,Tequila Sauza Gold,
687,65,2,龙舌兰酒Sauza Gold,
688,31,0,ルジェ　クレーム　ド　カシス,
689,31,1,Ruge Cream de Cassis,
690,31,2,Ruge Cream de Cassis,
691,7,0,ソーダ,
692,7,1,soda,
693,7,2,苏打,
694,65,0,テキーラ　サウザ　ゴールド,
695,65,1,Tequila Sauza Gold,
696,65,2,龙舌兰酒Sauza Gold,
697,7,0,ソーダ,
698,7,1,soda,
699,7,2,苏打,
700,66,0,テキーラ　サウザ　ホルニートス,
701,66,1,Tequila Sauza Hornitos,
702,66,2,龙舌兰酒Sauza Hornitos,
703,49,0,クランベリージュース,
704,49,1,Cranberry juice,
705,49,2,蔓越莓汁,
706,32,0,グレナデンシロップ,
707,32,1,Grenadin syrup,
708,32,2,格林纳丁糖浆,
709,7,0,ソーダ,
710,7,1,soda,
711,7,2,苏打,
712,40,0,テキーラ　サウザ　シルバー,
713,40,1,Tequila Thousand Silver,
714,40,2,龙舌兰酒一千银,
715,27,0,モーツァルト　ブラック,
716,27,1,Mozart Black,
717,27,2,莫扎特布莱克,
718,26,0,オレンジキュラソー,
719,26,1,Orange Curacao,
720,26,2,橙色库拉索岛,
721,5,0,フレッシュレモンジュース,
722,5,1,Fresh lemon juice,
723,5,2,新鲜的柠檬汁,
724,64,0,テキーラ　サウザ　ブルー,
725,64,1,Tequila Sauza Blue,
726,64,2,龙舌兰酒Sauza Blue,
727,2,0,オレンジジュース,
728,2,1,Orange juice,
729,2,2,橙汁,
730,32,0,グレナデンシロップ,
731,32,1,Grenadin syrup,
732,32,2,格林纳丁糖浆,
733,40,0,テキーラ　サウザ　シルバー,
734,40,1,Tequila Thousand Silver,
735,40,2,龙舌兰酒一千银,
736,8,0,トニックウォーター,
737,8,1,Tonic Water,
738,8,2,滋补水,
739,67,0,テキーラ　サウザ　スリージェネレーション　プラタ,
740,67,1,Tequila Thousand Generation Plata,
741,67,2,龙舌兰酒一千代普拉塔,
742,26,0,オレンジキュラソー,
743,26,1,Orange Curacao,
744,26,2,橙色库拉索岛,
745,49,0,クランベリージュース,
746,49,1,Cranberry juice,
747,49,2,蔓越莓汁,
748,16,0,フレッシュライムジュース,
749,16,1,Fresh lime juice,
750,16,2,新鲜的酸橙汁,
751,67,0,テキーラ　サウザ　スリージェネレーション　プラタ,
752,67,1,Tequila Thousand Generation Plata,
753,67,2,龙舌兰酒一千代普拉塔,
754,25,0,スイートベルモット,
755,25,1,Suite Vermouth,
756,25,2,套房苦艾酒,
757,68,0,オリーブ,
758,68,1,olive,
759,68,2,橄,
760,64,0,テキーラ　サウザ　ブルー,
761,64,1,Tequila Sauza Blue,
762,64,2,龙舌兰酒Sauza Blue,
763,46,0,グレープフルーツジュース,
764,46,1,Grapefruit juice,
765,46,2,葡萄柚汁,
766,8,0,トニックウォーター,
767,8,1,Tonic Water,
768,8,2,滋补水,
769,39,0,ブルガル　エクストラドライ,
770,39,1,Bulgar Extra Dry,
771,39,2,Bulgar Extra Dry,
772,14,0,パイナップルジュース,
773,14,1,Pineapple juice,
774,14,2,菠萝汁,
775,51,0,ココナッツミルク,
776,51,1,Coconut milk,
777,51,2,椰奶,
778,64,0,テキーラ　サウザ　ブルー,
779,64,1,Tequila Sauza Blue,
780,64,2,龙舌兰酒Sauza Blue,
781,57,0,ザ・ブルー（ブルーキュラソー）,
782,57,1,The Blue (Blue Curaçõ),
783,57,2,蓝色（蓝色Curaçõ）,
784,5,0,フレッシュレモンジュース,
785,5,1,Fresh lemon juice,
786,5,2,新鲜的柠檬汁,
787,6,0,砂糖,
788,6,1,sugar,
789,6,2,糖,
790,69,0,クラシュドアイス,
791,69,1,Krasdu Ice,
792,69,2,Krasdu Ice,
793,64,0,テキーラ　サウザ　ブルー,
794,64,1,Tequila Sauza Blue,
795,64,2,龙舌兰酒Sauza Blue,
796,70,0,ルジェ　クレーム　ド　ストロベリー,
797,70,1,Ruge Cream de Strawberry,
798,70,2,Ruge Cream de Strawberry,
799,5,0,フレッシュレモンジュース,
800,5,1,Fresh lemon juice,
801,5,2,新鲜的柠檬汁,
802,69,0,クラシュドアイス,
803,69,1,Krasdu Ice,
804,69,2,Krasdu Ice,
805,64,0,テキーラ　サウザ　ブルー,
806,64,1,Tequila Sauza Blue,
807,64,2,龙舌兰酒Sauza Blue,
808,58,0,ミドリ,
809,58,1,Midori,
810,58,2,绿,
811,5,0,フレッシュレモンジュース,
812,5,1,Fresh lemon juice,
813,5,2,新鲜的柠檬汁,
814,6,0,砂糖,
815,6,1,sugar,
816,6,2,糖,
817,69,0,クラシュドアイス,
818,69,1,Krasdu Ice,
819,69,2,Krasdu Ice,
820,40,0,テキーラ　サウザ　シルバー,
821,40,1,Tequila Thousand Silver,
822,40,2,龙舌兰酒一千银,
823,54,0,カルーア　コーヒーリキュール,
824,54,1,Kalua coffee liqueur,
825,54,2,Kalua咖啡利口酒,
826,64,0,テキーラ　サウザ　ブルー,
827,64,1,Tequila Sauza Blue,
828,64,2,龙舌兰酒Sauza Blue,
829,14,0,パイナップルジュース,
830,14,1,Pineapple juice,
831,14,2,菠萝汁,
832,16,0,フレッシュライムジュース,
833,16,1,Fresh lime juice,
834,16,2,新鲜的酸橙汁,
835,65,0,テキーラ　サウザ　ゴールド,
836,65,1,Tequila Sauza Gold,
837,65,2,龙舌兰酒Sauza Gold,
838,58,0,ミドリ,
839,58,1,Midori,
840,58,2,绿,
841,7,0,ソーダ,
842,7,1,soda,
843,7,2,苏打,
844,64,0,テキーラ　サウザ　ブルー,
845,64,1,Tequila Sauza Blue,
846,64,2,龙舌兰酒Sauza Blue,
847,13,0,ミントリキュール（グリーン）,
848,13,1,Mint liqueur (green),
849,13,2,薄荷利口酒（绿色）,
850,16,0,フレッシュライムジュース,
851,16,1,Fresh lime juice,
852,16,2,新鲜的酸橙汁,
853,1,0,ジン,
854,1,1,gin,
855,1,2,杜松子酒,
856,38,0,ウォッカ,
857,38,1,vodka,
858,38,2,伏特加酒,
859,39,0,ブルガル　エクストラドライ,
860,39,1,Bulgar Extra Dry,
861,39,2,Bulgar Extra Dry,
862,40,0,テキーラ　サウザ　シルバー,
863,40,1,Tequila Thousand Silver,
864,40,2,龙舌兰酒一千银,
865,10,0,ホワイトキュラソー（トリプルセック）,
866,10,1,White Curacao (Triple Sek),
867,10,2,白色库拉索岛（Triple Sek）,
868,5,0,フレッシュレモンジュース,
869,5,1,Fresh lemon juice,
870,5,2,新鲜的柠檬汁,
871,41,0,コーラ,
872,41,1,Cola,
873,41,2,可口可乐,
874,64,0,テキーラ　サウザ　ブルー,
875,64,1,Tequila Sauza Blue,
876,64,2,龙舌兰酒Sauza Blue,
877,70,0,ルジェ　クレーム　ド　ストロベリー,
878,70,1,Ruge Cream de Strawberry,
879,70,2,Ruge Cream de Strawberry,
880,71,0,マリブ　（ココナッツリキュール）,
881,71,1,Malibu (coconut liqueur),
882,71,2,马里布（椰子利口酒）,
883,16,0,フレッシュライムジュース,
884,16,1,Fresh lime juice,
885,16,2,新鲜的酸橙汁,
886,72,0,オランジーナ,
887,72,1,Orangina,
888,72,2,Orangina,
889,64,0,テキーラ　サウザ　ブルー,
890,64,1,Tequila Sauza Blue,
891,64,2,龙舌兰酒Sauza Blue,
892,28,0,ガムシロップ,
893,28,1,gum syrup,
894,28,2,口香糖糖浆,
895,7,0,ソーダ,
896,7,1,soda,
897,7,2,苏打,
898,73,0,オレンジ,
899,73,1,Orange,
900,73,2,橙,
901,64,0,テキーラ　サウザ　ブルー,
902,64,1,Tequila Sauza Blue,
903,64,2,龙舌兰酒Sauza Blue,
904,28,0,ガムシロップ,
905,28,1,gum syrup,
906,28,2,口香糖糖浆,
907,7,0,ソーダ,
908,7,1,soda,
909,7,2,苏打,
910,74,0,きゅうり,
911,74,1,Cucumber,
912,74,2,黄瓜,
913,75,0,レモン,
914,75,1,Lemon,
915,75,2,柠檬,
916,64,0,テキーラ　サウザ　ブルー,
917,64,1,Tequila Sauza Blue,
918,64,2,龙舌兰酒Sauza Blue,
919,28,0,ガムシロップ,
920,28,1,gum syrup,
921,28,2,口香糖糖浆,
922,7,0,ソーダ,
923,7,1,soda,
924,7,2,苏打,
925,76,0,グレープフルーツ,
926,76,1,grapefruit,
927,76,2,柚子,
928,64,0,テキーラ　サウザ　ブルー,
929,64,1,Tequila Sauza Blue,
930,64,2,龙舌兰酒Sauza Blue,
931,28,0,ガムシロップ,
932,28,1,gum syrup,
933,28,2,口香糖糖浆,
934,7,0,ソーダ,
935,7,1,soda,
936,7,2,苏打,
937,77,0,プチトマト,
938,77,1,Petit tomatoes,
939,77,2,小番茄,
940,64,0,テキーラ　サウザ　ブルー,
941,64,1,Tequila Sauza Blue,
942,64,2,龙舌兰酒Sauza Blue,
943,28,0,ガムシロップ,
944,28,1,gum syrup,
945,28,2,口香糖糖浆,
946,7,0,ソーダ,
947,7,1,soda,
948,7,2,苏打,
949,78,0,パクチー,
950,78,1,Coriander,
951,78,2,香菜,
952,21,0,ライム,
953,21,1,lime,
954,21,2,石灰,
955,64,0,テキーラ　サウザ　ブルー,
956,64,1,Tequila Sauza Blue,
957,64,2,龙舌兰酒Sauza Blue,
958,28,0,ガムシロップ,
959,28,1,gum syrup,
960,28,2,口香糖糖浆,
961,7,0,ソーダ,
962,7,1,soda,
963,7,2,苏打,
964,21,0,ライム,
965,21,1,lime,
966,21,2,石灰,
967,64,0,テキーラ　サウザ　ブルー,
968,64,1,Tequila Sauza Blue,
969,64,2,龙舌兰酒Sauza Blue,
970,28,0,ガムシロップ,
971,28,1,gum syrup,
972,28,2,口香糖糖浆,
973,7,0,ソーダ,
974,7,1,soda,
975,7,2,苏打,
976,75,0,レモン,
977,75,1,Lemon,
978,75,2,柠檬,
979,64,0,テキーラ　サウザ　ブルー,
980,64,1,Tequila Sauza Blue,
981,64,2,龙舌兰酒Sauza Blue,
982,10,0,ホワイトキュラソー（トリプルセック）,
983,10,1,White Curacao (Triple Sek),
984,10,2,白色库拉索岛（Triple Sek）,
985,28,0,ガムシロップ,
986,28,1,gum syrup,
987,28,2,口香糖糖浆,
988,7,0,ソーダ,
989,7,1,soda,
990,7,2,苏打,
991,64,0,テキーラ　サウザ　ブルー,
992,64,1,Tequila Sauza Blue,
993,64,2,龙舌兰酒Sauza Blue,
994,10,0,ホワイトキュラソー（トリプルセック）,
995,10,1,White Curacao (Triple Sek),
996,10,2,白色库拉索岛（Triple Sek）,
997,16,0,フレッシュライムジュース,
998,16,1,Fresh lime juice,
999,16,2,新鲜的酸橙汁,
1000,7,0,ソーダ,
1001,7,1,soda,
1002,7,2,苏打,
1003,64,0,テキーラ　サウザ　ブルー,
1004,64,1,Tequila Sauza Blue,
1005,64,2,龙舌兰酒Sauza Blue,
1006,8,0,トニックウォーター,
1007,8,1,Tonic Water,
1008,8,2,滋补水,
1009,39,0,ブルガル　エクストラドライ,
1010,39,1,Bulgar Extra Dry,
1011,39,2,Bulgar Extra Dry,
1012,16,0,フレッシュライムジュース,
1013,16,1,Fresh lime juice,
1014,16,2,新鲜的酸橙汁,
1015,6,0,砂糖,
1016,6,1,sugar,
1017,6,2,糖,
1018,39,0,ブルガル　エクストラドライ,
1019,39,1,Bulgar Extra Dry,
1020,39,2,Bulgar Extra Dry,
1021,16,0,フレッシュライムジュース,
1022,16,1,Fresh lime juice,
1023,16,2,新鲜的酸橙汁,
1024,46,0,グレープフルーツジュース,
1025,46,1,Grapefruit juice,
1026,46,2,葡萄柚汁,
1027,6,0,砂糖,
1028,6,1,sugar,
1029,6,2,糖,
1030,79,0,アンゴスチュラビターズ,
1031,79,1,Angostura Bitters,
1032,79,2,安哥斯图娜,
1033,39,0,ブルガル　エクストラドライ,
1034,39,1,Bulgar Extra Dry,
1035,39,2,Bulgar Extra Dry,
1036,21,0,ライム,
1037,21,1,lime,
1038,21,2,石灰,
1039,80,0,ミント,
1040,80,1,mint,
1041,80,2,薄荷,
1042,6,0,砂糖,
1043,6,1,sugar,
1044,6,2,糖,
1045,7,0,ソーダ,
1046,7,1,soda,
1047,7,2,苏打,
1048,81,0,シェリー　ラ・イーナ,
1049,81,1,Sherry La Ena,
1050,81,2,Sherry La Ena,
1051,82,0,クルボアジェＶＳＯＰルージュ,
1052,82,1,Courvoisier VSOP Rouge,
1053,82,2,Courvoisier VSOP Rouge,
1054,83,0,ホワイトラム,
1055,83,1,White rum,
1056,83,2,白朗姆酒,
1057,39,0,ブルガル　エクストラドライ,
1058,39,1,Bulgar Extra Dry,
1059,39,2,Bulgar Extra Dry,
1060,46,0,グレープフルーツジュース,
1061,46,1,Grapefruit juice,
1062,46,2,葡萄柚汁,
1063,6,0,砂糖,
1064,6,1,sugar,
1065,6,2,糖,
1066,32,0,グレナデンシロップ,
1067,32,1,Grenadin syrup,
1068,32,2,格林纳丁糖浆,
1069,39,0,ブルガル　エクストラドライ,
1070,39,1,Bulgar Extra Dry,
1071,39,2,Bulgar Extra Dry,
1072,10,0,ホワイトキュラソー（トリプルセック）,
1073,10,1,White Curacao (Triple Sek),
1074,10,2,白色库拉索岛（Triple Sek）,
1075,5,0,フレッシュレモンジュース,
1076,5,1,Fresh lemon juice,
1077,5,2,新鲜的柠檬汁,
1078,39,0,ブルガル　エクストラドライ,
1079,39,1,Bulgar Extra Dry,
1080,39,2,Bulgar Extra Dry,
1081,2,0,オレンジジュース,
1082,2,1,Orange juice,
1083,2,2,橙汁,
1084,5,0,フレッシュレモンジュース,
1085,5,1,Fresh lemon juice,
1086,5,2,新鲜的柠檬汁,
1087,32,0,グレナデンシロップ,
1088,32,1,Grenadin syrup,
1089,32,2,格林纳丁糖浆,
1090,39,0,ブルガル　エクストラドライ,
1091,39,1,Bulgar Extra Dry,
1092,39,2,Bulgar Extra Dry,
1093,21,0,ライム,
1094,21,1,lime,
1095,21,2,石灰,
1096,41,0,コーラ,
1097,41,1,Cola,
1098,41,2,可口可乐,
1099,58,0,ミドリ,
1100,58,1,Midori,
1101,58,2,绿,
1102,39,0,ブルガル　エクストラドライ,
1103,39,1,Bulgar Extra Dry,
1104,39,2,Bulgar Extra Dry,
1105,71,0,マリブ　（ココナッツリキュール）,
1106,71,1,Malibu (coconut liqueur),
1107,71,2,马里布（椰子利口酒）,
1108,16,0,フレッシュライムジュース,
1109,16,1,Fresh lime juice,
1110,16,2,新鲜的酸橙汁,
1111,14,0,パイナップルジュース,
1112,14,1,Pineapple juice,
1113,14,2,菠萝汁,
1114,84,0,ドランブイ,
1115,84,1,Drambui,
1116,84,2,Drambuie,
1117,64,0,テキーラ　サウザ　ブルー,
1118,64,1,Tequila Sauza Blue,
1119,64,2,龙舌兰酒Sauza Blue,
1120,57,0,ザ・ブルー（ブルーキュラソー）,
1121,57,1,The Blue (Blue Curaçõ),
1122,57,2,蓝色（蓝色Curaçõ）,
1123,7,0,ソーダ,
1124,7,1,soda,
1125,7,2,苏打,
1126,39,0,ブルガル　エクストラドライ,
1127,39,1,Bulgar Extra Dry,
1128,39,2,Bulgar Extra Dry,
1129,57,0,ザ・ブルー（ブルーキュラソー）,
1130,57,1,The Blue (Blue Curaçõ),
1131,57,2,蓝色（蓝色Curaçõ）,
1132,3,0,サントリーカクテルライム,
1133,3,1,Suntory Cocktail Lime,
1134,3,2,三得利鸡尾酒石灰,
1135,39,0,ブルガル　エクストラドライ,
1136,39,1,Bulgar Extra Dry,
1137,39,2,Bulgar Extra Dry,
1138,82,0,クルボアジェＶＳＯＰルージュ,
1139,82,1,Courvoisier VSOP Rouge,
1140,82,2,Courvoisier VSOP Rouge,
1141,2,0,オレンジジュース,
1142,2,1,Orange juice,
1143,2,2,橙汁,
1144,5,0,フレッシュレモンジュース,
1145,5,1,Fresh lemon juice,
1146,5,2,新鲜的柠檬汁,
1147,3,0,サントリーカクテルライム,
1148,3,1,Suntory Cocktail Lime,
1149,3,2,三得利鸡尾酒石灰,
1150,39,0,ブルガル　エクストラドライ,
1151,39,1,Bulgar Extra Dry,
1152,39,2,Bulgar Extra Dry,
1153,85,0,モーツァルト　ホワイト,
1154,85,1,Mozart White,
1155,85,2,莫扎特怀特,
1156,86,0,ココナッツシロップ,
1157,86,1,Coconut syrup,
1158,86,2,椰子糖浆,
1159,14,0,パイナップルジュース,
1160,14,1,Pineapple juice,
1161,14,2,菠萝汁,
1162,39,0,ブルガル　エクストラドライ,
1163,39,1,Bulgar Extra Dry,
1164,39,2,Bulgar Extra Dry,
1165,27,0,モーツァルト　ブラック,
1166,27,1,Mozart Black,
1167,27,2,莫扎特布莱克,
1168,87,0,マラスキーノ,
1169,87,1,Maraschino,
1170,87,2,樱桃酒,
1171,16,0,フレッシュライムジュース,
1172,16,1,Fresh lime juice,
1173,16,2,新鲜的酸橙汁,
1174,28,0,ガムシロップ,
1175,28,1,gum syrup,
1176,28,2,口香糖糖浆,
1177,69,0,クラシュドアイス,
1178,69,1,Krasdu Ice,
1179,69,2,Krasdu Ice,
1180,88,0,ブルガル アネホ,
1181,88,1,Bulgar Aneho,
1182,88,2,Bulgar Aneho,
1183,27,0,モーツァルト　ブラック,
1184,27,1,Mozart Black,
1185,27,2,莫扎特布莱克,
1186,2,0,オレンジジュース,
1187,2,1,Orange juice,
1188,2,2,橙汁,
1189,14,0,パイナップルジュース,
1190,14,1,Pineapple juice,
1191,14,2,菠萝汁,
1192,5,0,フレッシュレモンジュース,
1193,5,1,Fresh lemon juice,
1194,5,2,新鲜的柠檬汁,
1195,32,0,グレナデンシロップ,
1196,32,1,Grenadin syrup,
1197,32,2,格林纳丁糖浆,
1198,39,0,ブルガル　エクストラドライ,
1199,39,1,Bulgar Extra Dry,
1200,39,2,Bulgar Extra Dry,
1201,27,0,モーツァルト　ブラック,
1202,27,1,Mozart Black,
1203,27,2,莫扎特布莱克,
1204,80,0,ミント,
1205,80,1,mint,
1206,80,2,薄荷,
1207,6,0,砂糖,
1208,6,1,sugar,
1209,6,2,糖,
1210,16,0,フレッシュライムジュース,
1211,16,1,Fresh lime juice,
1212,16,2,新鲜的酸橙汁,
1213,7,0,ソーダ,
1214,7,1,soda,
1215,7,2,苏打,
1216,39,0,ブルガル　エクストラドライ,
1217,39,1,Bulgar Extra Dry,
1218,39,2,Bulgar Extra Dry,
1219,82,0,クルボアジェＶＳＯＰルージュ,
1220,82,1,Courvoisier VSOP Rouge,
1221,82,2,Courvoisier VSOP Rouge,
1222,6,0,砂糖,
1223,6,1,sugar,
1224,6,2,糖,
1225,89,0,卵,
1226,89,1,egg,
1227,89,2,一个鸡蛋,
1228,90,0,熱湯,
1229,90,1,Hot water,
1230,90,2,热水,
1231,39,0,ブルガル　エクストラドライ,
1232,39,1,Bulgar Extra Dry,
1233,39,2,Bulgar Extra Dry,
1234,36,0,カカオリキュール,
1235,36,1,Cacao Liqueur,
1236,36,2,可可利口酒,
1237,37,0,生クリーム,
1238,37,1,Fresh cream,
1239,37,2,鲜奶油,
1240,82,0,クルボアジェＶＳＯＰルージュ,
1241,82,1,Courvoisier VSOP Rouge,
1242,82,2,Courvoisier VSOP Rouge,
1243,39,0,ブルガル　エクストラドライ,
1244,39,1,Bulgar Extra Dry,
1245,39,2,Bulgar Extra Dry,
1246,10,0,ホワイトキュラソー（トリプルセック）,
1247,10,1,White Curacao (Triple Sek),
1248,10,2,白色库拉索岛（Triple Sek）,
1249,5,0,フレッシュレモンジュース,
1250,5,1,Fresh lemon juice,
1251,5,2,新鲜的柠檬汁,
1252,39,0,ブルガル　エクストラドライ,
1253,39,1,Bulgar Extra Dry,
1254,39,2,Bulgar Extra Dry,
1255,10,0,ホワイトキュラソー（トリプルセック）,
1256,10,1,White Curacao (Triple Sek),
1257,10,2,白色库拉索岛（Triple Sek）,
1258,5,0,フレッシュレモンジュース,
1259,5,1,Fresh lemon juice,
1260,5,2,新鲜的柠檬汁,
1261,6,0,砂糖,
1262,6,1,sugar,
1263,6,2,糖,
1264,91,0,バナナ,
1265,91,1,banana,
1266,91,2,香蕉,
1267,69,0,クラシュドアイス,
1268,69,1,Krasdu Ice,
1269,69,2,Krasdu Ice,
1270,39,0,ブルガル　エクストラドライ,
1271,39,1,Bulgar Extra Dry,
1272,39,2,Bulgar Extra Dry,
1273,57,0,ザ・ブルー（ブルーキュラソー）,
1274,57,1,The Blue (Blue Curaçõ),
1275,57,2,蓝色（蓝色Curaçõ）,
1276,14,0,パイナップルジュース,
1277,14,1,Pineapple juice,
1278,14,2,菠萝汁,
1279,5,0,フレッシュレモンジュース,
1280,5,1,Fresh lemon juice,
1281,5,2,新鲜的柠檬汁,
1282,88,0,ブルガル アネホ,
1283,88,1,Bulgar Aneho,
1284,88,2,Bulgar Aneho,
1285,92,0,角砂糖,
1286,92,1,Cube sugar,
1287,92,2,方糖,
1288,93,0,バター,
1289,93,1,butter,
1290,93,2,黄油,
1291,90,0,熱湯,
1292,90,1,Hot water,
1293,90,2,热水,
1294,39,0,ブルガル　エクストラドライ,
1295,39,1,Bulgar Extra Dry,
1296,39,2,Bulgar Extra Dry,
1297,10,0,ホワイトキュラソー（トリプルセック）,
1298,10,1,White Curacao (Triple Sek),
1299,10,2,白色库拉索岛（Triple Sek）,
1300,5,0,フレッシュレモンジュース,
1301,5,1,Fresh lemon juice,
1302,5,2,新鲜的柠檬汁,
1303,39,0,ブルガル　エクストラドライ,
1304,39,1,Bulgar Extra Dry,
1305,39,2,Bulgar Extra Dry,
1306,10,0,ホワイトキュラソー（トリプルセック）,
1307,10,1,White Curacao (Triple Sek),
1308,10,2,白色库拉索岛（Triple Sek）,
1309,14,0,パイナップルジュース,
1310,14,1,Pineapple juice,
1311,14,2,菠萝汁,
1312,2,0,オレンジジュース,
1313,2,1,Orange juice,
1314,2,2,橙汁,
1315,5,0,フレッシュレモンジュース,
1316,5,1,Fresh lemon juice,
1317,5,2,新鲜的柠檬汁,
1318,94,0,151デメラララム,
1319,94,1,151 Demelaram,
1320,94,2,151 Demelaram,
1321,1,0,ジン,
1322,1,1,gin,
1323,1,2,杜松子酒,
1324,38,0,ウォッカ,
1325,38,1,vodka,
1326,38,2,伏特加酒,
1327,39,0,ブルガル　エクストラドライ,
1328,39,1,Bulgar Extra Dry,
1329,39,2,Bulgar Extra Dry,
1330,40,0,テキーラ　サウザ　シルバー,
1331,40,1,Tequila Thousand Silver,
1332,40,2,龙舌兰酒一千银,
1333,10,0,ホワイトキュラソー（トリプルセック）,
1334,10,1,White Curacao (Triple Sek),
1335,10,2,白色库拉索岛（Triple Sek）,
1336,5,0,フレッシュレモンジュース,
1337,5,1,Fresh lemon juice,
1338,5,2,新鲜的柠檬汁,
1339,41,0,コーラ,
1340,41,1,Cola,
1341,41,2,可口可乐,
1342,95,0,ブルガル　ブランコ,
1343,95,1,Bulgar swing,
1344,95,2,Bulgar swing,
1345,96,0,アペロール,
1346,96,1,Apelol,
1347,96,2,Aperol,
1348,45,0,ディサローノアマレット,
1349,45,1,Disarrono Amaretto,
1350,45,2,Disarrono Amaretto,
1351,97,0,グアバリキュール,
1352,97,1,Guava Liqueur,
1353,97,2,番石榴利口酒,
1354,72,0,オランジーナ,
1355,72,1,Orangina,
1356,72,2,Orangina,
1357,83,0,ホワイトラム,
1358,83,1,White rum,
1359,83,2,白朗姆酒,
1360,98,0,ブラックサンブーカ,
1361,98,1,Black Sambuca,
1362,98,2,黑色Sambuca,
1363,3,0,サントリーカクテルライム,
1364,3,1,Suntory Cocktail Lime,
1365,3,2,三得利鸡尾酒石灰,
1366,18,0,イエーガーマイスター,
1367,18,1,Jaeger Meister,
1368,18,2,杰格梅斯特,
1369,99,0,ビスコタ,
1370,99,1,Viscota,
1371,99,2,Bisukota,
1372,100,0,ダークラム,
1373,100,1,Dark Ram,
1374,100,2,黑暗拉姆,
1375,54,0,カルーア　コーヒーリキュール,
1376,54,1,Kalua coffee liqueur,
1377,54,2,Kalua咖啡利口酒,
1378,84,0,ドランブイ,
1379,84,1,Drambui,
1380,84,2,Drambuie,
1381,101,0,牛乳,
1382,101,1,milk,
1383,101,2,牛奶,
1384,12,0,マスカット　リキュール　ド　フランス　ミスティア,
1385,12,1,Muscat liqueur de France Mistya,
1386,12,2,马斯喀特利口酒法国Mistya,
1387,102,0,白ワイン,
1388,102,1,White wine,
1389,102,2,白葡萄酒,
1390,7,0,ソーダ,
1391,7,1,soda,
1392,7,2,苏打,
1393,58,0,ミドリ,
1394,58,1,Midori,
1395,58,2,绿,
1396,54,0,カルーア　コーヒーリキュール,
1397,54,1,Kalua coffee liqueur,
1398,54,2,Kalua咖啡利口酒,
1399,101,0,牛乳,
1400,101,1,milk,
1401,101,2,牛奶,
1402,103,0,ルジェ　クレーム　ド　フランボワーズ,
1403,103,1,Ruge Cream de Franboise,
1404,103,2,Ruge Cream de Franboise,
1405,34,0,シャンパン,
1406,34,1,Champagne,
1407,34,2,香槟酒,
1408,31,0,ルジェ　クレーム　ド　カシス,
1409,31,1,Ruge Cream de Cassis,
1410,31,2,Ruge Cream de Cassis,
1411,34,0,シャンパン,
1412,34,1,Champagne,
1413,34,2,香槟酒,
1414,70,0,ルジェ　クレーム　ド　ストロベリー,
1415,70,1,Ruge Cream de Strawberry,
1416,70,2,Ruge Cream de Strawberry,
1417,101,0,牛乳,
1418,101,1,milk,
1419,101,2,牛奶,
1420,104,0,パライソ　ライチ　リキュール,
1421,104,1,Paraiso lychee liqueur,
1422,104,2,Paraiso lychee利口酒,
1423,57,0,ザ・ブルー（ブルーキュラソー）,
1424,57,1,The Blue (Blue Curaçõ),
1425,57,2,蓝色（蓝色Curaçõ）,
1426,46,0,グレープフルーツジュース,
1427,46,1,Grapefruit juice,
1428,46,2,葡萄柚汁,
1429,105,0,ティフィン,
1430,105,1,Tiffin,
1431,105,2,蒂芬,
1432,21,0,ライム,
1433,21,1,lime,
1434,21,2,石灰,
1435,80,0,ミント,
1436,80,1,mint,
1437,80,2,薄荷,
1438,6,0,砂糖,
1439,6,1,sugar,
1440,6,2,糖,
1441,7,0,ソーダ,
1442,7,1,soda,
1443,7,2,苏打,
1444,54,0,カルーア　コーヒーリキュール,
1445,54,1,Kalua coffee liqueur,
1446,54,2,Kalua咖啡利口酒,
1447,101,0,牛乳,
1448,101,1,milk,
1449,101,2,牛奶,
1450,106,0,インスタントコーヒー,
1451,106,1,Instant coffee,
1452,106,2,速溶咖啡,
1453,23,0,ピーチリキュール,
1454,23,1,Peach liqueur,
1455,23,2,桃利口酒,
1456,2,0,オレンジジュース,
1457,2,1,Orange juice,
1458,2,2,橙汁,
1459,54,0,カルーア　コーヒーリキュール,
1460,54,1,Kalua coffee liqueur,
1461,54,2,Kalua咖啡利口酒,
1462,107,0,温めた牛乳,
1463,107,1,Warm milk,
1464,107,2,温牛奶,
1465,71,0,マリブ　（ココナッツリキュール）,
1466,71,1,Malibu (coconut liqueur),
1467,71,2,马里布（椰子利口酒）,
1468,41,0,コーラ,
1469,41,1,Cola,
1470,41,2,可口可乐,
1471,29,0,レモンスライス,
1472,29,1,Lemon slice,
1473,29,2,柠檬片,
1474,71,0,マリブ　（ココナッツリキュール）,
1475,71,1,Malibu (coconut liqueur),
1476,71,2,马里布（椰子利口酒）,
1477,41,0,コーラ,
1478,41,1,Cola,
1479,41,2,可口可乐,
1480,71,0,マリブ　（ココナッツリキュール）,
1481,71,1,Malibu (coconut liqueur),
1482,71,2,马里布（椰子利口酒）,
1483,57,0,ザ・ブルー（ブルーキュラソー）,
1484,57,1,The Blue (Blue Curaçõ),
1485,57,2,蓝色（蓝色Curaçõ）,
1486,8,0,トニックウォーター,
1487,8,1,Tonic Water,
1488,8,2,滋补水,
1489,71,0,マリブ　（ココナッツリキュール）,
1490,71,1,Malibu (coconut liqueur),
1491,71,2,马里布（椰子利口酒）,
1492,14,0,パイナップルジュース,
1493,14,1,Pineapple juice,
1494,14,2,菠萝汁,
1495,71,0,マリブ　（ココナッツリキュール）,
1496,71,1,Malibu (coconut liqueur),
1497,71,2,马里布（椰子利口酒）,
1498,21,0,ライム,
1499,21,1,lime,
1500,21,2,石灰,
1501,80,0,ミント,
1502,80,1,mint,
1503,80,2,薄荷,
1504,6,0,砂糖,
1505,6,1,sugar,
1506,6,2,糖,
1507,7,0,ソーダ,
1508,7,1,soda,
1509,7,2,苏打,
1510,108,0,マンゴヤン　（マンゴーリキュール）,
1511,108,1,Mango Yang (mango liqueur),
1512,108,2,芒果杨（芒果利口酒）,
1513,2,0,オレンジジュース,
1514,2,1,Orange juice,
1515,2,2,橙汁,
1516,108,0,マンゴヤン　（マンゴーリキュール）,
1517,108,1,Mango Yang (mango liqueur),
1518,108,2,芒果杨（芒果利口酒）,
1519,21,0,ライム,
1520,21,1,lime,
1521,21,2,石灰,
1522,80,0,ミント,
1523,80,1,mint,
1524,80,2,薄荷,
1525,6,0,砂糖,
1526,6,1,sugar,
1527,6,2,糖,
1528,7,0,ソーダ,
1529,7,1,soda,
1530,7,2,苏打,
1531,12,0,マスカット　リキュール　ド　フランス　ミスティア,
1532,12,1,Muscat liqueur de France Mistya,
1533,12,2,马斯喀特利口酒法国Mistya,
1534,12,0,マスカット　リキュール　ド　フランス　ミスティア,
1535,12,1,Muscat liqueur de France Mistya,
1536,12,2,马斯喀特利口酒法国Mistya,
1537,34,0,シャンパン,
1538,34,1,Champagne,
1539,34,2,香槟酒,
1540,12,0,マスカット　リキュール　ド　フランス　ミスティア,
1541,12,1,Muscat liqueur de France Mistya,
1542,12,2,马斯喀特利口酒法国Mistya,
1543,109,0,プラムリキュール　ド　フランス　プルシア,
1544,109,1,Plum liqueur de France Persia,
1545,109,2,Plum liqueur de France Persia,
1546,7,0,ソーダ,
1547,7,1,soda,
1548,7,2,苏打,
1549,12,0,マスカット　リキュール　ド　フランス　ミスティア,
1550,12,1,Muscat liqueur de France Mistya,
1551,12,2,马斯喀特利口酒法国Mistya,
1552,110,0,ペリエ,
1553,110,1,Perrier,
1554,110,2,佩里耶,
1555,12,0,マスカット　リキュール　ド　フランス　ミスティア,
1556,12,1,Muscat liqueur de France Mistya,
1557,12,2,马斯喀特利口酒法国Mistya,
1558,1,0,ジン,
1559,1,1,gin,
1560,1,2,杜松子酒,
1561,58,0,ミドリ,
1562,58,1,Midori,
1563,58,2,绿,
1564,7,0,ソーダ,
1565,7,1,soda,
1566,7,2,苏打,
1567,29,0,レモンスライス,
1568,29,1,Lemon slice,
1569,29,2,柠檬片,
1570,58,0,ミドリ,
1571,58,1,Midori,
1572,58,2,绿,
1573,21,0,ライム,
1574,21,1,lime,
1575,21,2,石灰,
1576,80,0,ミント,
1577,80,1,mint,
1578,80,2,薄荷,
1579,6,0,砂糖,
1580,6,1,sugar,
1581,6,2,糖,
1582,7,0,ソーダ,
1583,7,1,soda,
1584,7,2,苏打,
1585,111,0,ヨーグリート　ヨーグルトリキュール,
1586,111,1,Yogurito yogurt liqueur,
1587,111,2,Yogurito酸奶利口酒,
1588,2,0,オレンジジュース,
1589,2,1,Orange juice,
1590,2,2,橙汁,
1591,31,0,ルジェ　クレーム　ド　カシス,
1592,31,1,Ruge Cream de Cassis,
1593,31,2,Ruge Cream de Cassis,
1594,7,0,ソーダ,
1595,7,1,soda,
1596,7,2,苏打,
1597,29,0,レモンスライス,
1598,29,1,Lemon slice,
1599,29,2,柠檬片,
1600,23,0,ピーチリキュール,
1601,23,1,Peach liqueur,
1602,23,2,桃利口酒,
1603,7,0,ソーダ,
1604,7,1,soda,
1605,7,2,苏打,
1606,29,0,レモンスライス,
1607,29,1,Lemon slice,
1608,29,2,柠檬片,
1609,62,0,ルジェ　グリーンアップル,
1610,62,1,Ruge Green Apple,
1611,62,2,Ruge Green Apple,
1612,7,0,ソーダ,
1613,7,1,soda,
1614,7,2,苏打,
1615,30,0,ルジェ　クレーム　ド　アプリコット,
1616,30,1,Ruge Cream apricot,
1617,30,2,Ruge奶油杏,
1618,2,0,オレンジジュース,
1619,2,1,Orange juice,
1620,2,2,橙汁,
1621,31,0,ルジェ　クレーム　ド　カシス,
1622,31,1,Ruge Cream de Cassis,
1623,31,2,Ruge Cream de Cassis,
1624,2,0,オレンジジュース,
1625,2,1,Orange juice,
1626,2,2,橙汁,
1627,31,0,ルジェ　クレーム　ド　カシス,
1628,31,1,Ruge Cream de Cassis,
1629,31,2,Ruge Cream de Cassis,
1630,46,0,グレープフルーツジュース,
1631,46,1,Grapefruit juice,
1632,46,2,葡萄柚汁,
1633,31,0,ルジェ　クレーム　ド　カシス,
1634,31,1,Ruge Cream de Cassis,
1635,31,2,Ruge Cream de Cassis,
1636,7,0,ソーダ,
1637,7,1,soda,
1638,7,2,苏打,
1639,31,0,ルジェ　クレーム　ド　カシス,
1640,31,1,Ruge Cream de Cassis,
1641,31,2,Ruge Cream de Cassis,
1642,112,0,アイスレモンティー,
1643,112,1,Ice lemon tea,
1644,112,2,冰柠檬茶,
1645,31,0,ルジェ　クレーム　ド　カシス,
1646,31,1,Ruge Cream de Cassis,
1647,31,2,Ruge Cream de Cassis,
1648,101,0,牛乳,
1649,101,1,milk,
1650,101,2,牛奶,
1651,31,0,ルジェ　クレーム　ド　カシス,
1652,31,1,Ruge Cream de Cassis,
1653,31,2,Ruge Cream de Cassis,
1654,21,0,ライム,
1655,21,1,lime,
1656,21,2,石灰,
1657,80,0,ミント,
1658,80,1,mint,
1659,80,2,薄荷,
1660,6,0,砂糖,
1661,6,1,sugar,
1662,6,2,糖,
1663,7,0,ソーダ,
1664,7,1,soda,
1665,7,2,苏打,
1666,113,0,ルジェ　クレーム　ド　カルテット,
1667,113,1,Ruge Cream de Quartet,
1668,113,2,Ruge Cream de Quartet,
1669,2,0,オレンジジュース,
1670,2,1,Orange juice,
1671,2,2,橙汁,
1672,70,0,ルジェ　クレーム　ド　ストロベリー,
1673,70,1,Ruge Cream de Strawberry,
1674,70,2,Ruge Cream de Strawberry,
1675,7,0,ソーダ,
1676,7,1,soda,
1677,7,2,苏打,
1678,114,0,ルジェ　クレーム　ド　ブルーベリー,
1679,114,1,Ruge Creamed Blueberries,
1680,114,2,Ruge奶油蓝莓,
1681,101,0,牛乳,
1682,101,1,milk,
1683,101,2,牛奶,
1684,115,0,カルバドス　ブラー　グランソラージュ,
1685,115,1,Calvados Blur Grand Sorage,
1686,115,2,Calvados Blur Grand Sorage,
1687,10,0,ホワイトキュラソー（トリプルセック）,
1688,10,1,White Curacao (Triple Sek),
1689,10,2,白色库拉索岛（Triple Sek）,
1690,5,0,フレッシュレモンジュース,
1691,5,1,Fresh lemon juice,
1692,5,2,新鲜的柠檬汁,
1693,116,0,ブラー　ポモー　ド　ノルマンディー,
1694,116,1,Blur Pomodo Normandie,
1695,116,2,模糊Pomodo Normandie,
1696,117,0,スパークリングワイン,
1697,117,1,sparkling wine,
1698,117,2,起泡酒,
1699,71,0,マリブ　（ココナッツリキュール）,
1700,71,1,Malibu (coconut liqueur),
1701,71,2,马里布（椰子利口酒）,
1702,30,0,ルジェ　クレーム　ド　アプリコット,
1703,30,1,Ruge Cream apricot,
1704,30,2,Ruge奶油杏,
1705,14,0,パイナップルジュース,
1706,14,1,Pineapple juice,
1707,14,2,菠萝汁,
1708,101,0,牛乳,
1709,101,1,milk,
1710,101,2,牛奶,
1711,30,0,ルジェ　クレーム　ド　アプリコット,
1712,30,1,Ruge Cream apricot,
1713,30,2,Ruge奶油杏,
1714,5,0,フレッシュレモンジュース,
1715,5,1,Fresh lemon juice,
1716,5,2,新鲜的柠檬汁,
1717,6,0,砂糖,
1718,6,1,sugar,
1719,6,2,糖,
1720,7,0,ソーダ,
1721,7,1,soda,
1722,7,2,苏打,
1723,30,0,ルジェ　クレーム　ド　アプリコット,
1724,30,1,Ruge Cream apricot,
1725,30,2,Ruge奶油杏,
1726,34,0,シャンパン,
1727,34,1,Champagne,
1728,34,2,香槟酒,
1729,82,0,クルボアジェＶＳＯＰルージュ,
1730,82,1,Courvoisier VSOP Rouge,
1731,82,2,Courvoisier VSOP Rouge,
1732,36,0,カカオリキュール,
1733,36,1,Cacao Liqueur,
1734,36,2,可可利口酒,
1735,37,0,生クリーム,
1736,37,1,Fresh cream,
1737,37,2,鲜奶油,
1738,18,0,イエーガーマイスター,
1739,18,1,Jaeger Meister,
1740,18,2,杰格梅斯特,
1741,2,0,オレンジジュース,
1742,2,1,Orange juice,
1743,2,2,橙汁,
1744,18,0,イエーガーマイスター,
1745,18,1,Jaeger Meister,
1746,18,2,杰格梅斯特,
1747,18,0,イエーガーマイスター,
1748,18,1,Jaeger Meister,
1749,18,2,杰格梅斯特,
1750,8,0,トニックウォーター,
1751,8,1,Tonic Water,
1752,8,2,滋补水,
1753,71,0,マリブ　（ココナッツリキュール）,
1754,71,1,Malibu (coconut liqueur),
1755,71,2,马里布（椰子利口酒）,
1756,50,0,アマレット,
1757,50,1,Amaret,
1758,50,2,阿玛丽托,
1759,14,0,パイナップルジュース,
1760,14,1,Pineapple juice,
1761,14,2,菠萝汁,
1762,118,0,ウンダーベルク,
1763,118,1,Underberg,
1764,118,2,德尔贝格,
1765,7,0,ソーダ,
1766,7,1,soda,
1767,7,2,苏打,
1768,39,0,ブルガル　エクストラドライ,
1769,39,1,Bulgar Extra Dry,
1770,39,2,Bulgar Extra Dry,
1771,10,0,ホワイトキュラソー（トリプルセック）,
1772,10,1,White Curacao (Triple Sek),
1773,10,2,白色库拉索岛（Triple Sek）,
1774,5,0,フレッシュレモンジュース,
1775,5,1,Fresh lemon juice,
1776,5,2,新鲜的柠檬汁,
1777,84,0,ドランブイ,
1778,84,1,Drambui,
1779,84,2,Drambuie,
1780,57,0,ザ・ブルー（ブルーキュラソー）,
1781,57,1,The Blue (Blue Curaçõ),
1782,57,2,蓝色（蓝色Curaçõ）,
1783,84,0,ドランブイ,
1784,84,1,Drambui,
1785,84,2,Drambuie,
1786,54,0,カルーア　コーヒーリキュール,
1787,54,1,Kalua coffee liqueur,
1788,54,2,Kalua咖啡利口酒,
1789,50,0,アマレット,
1790,50,1,Amaret,
1791,50,2,阿玛丽托,
1792,37,0,生クリーム,
1793,37,1,Fresh cream,
1794,37,2,鲜奶油,
1795,101,0,牛乳,
1796,101,1,milk,
1797,101,2,牛奶,
1798,38,0,ウォッカ,
1799,38,1,vodka,
1800,38,2,伏特加酒,
1801,31,0,ルジェ　クレーム　ド　カシス,
1802,31,1,Ruge Cream de Cassis,
1803,31,2,Ruge Cream de Cassis,
1804,46,0,グレープフルーツジュース,
1805,46,1,Grapefruit juice,
1806,46,2,葡萄柚汁,
1807,24,0,サントリーカクテルレモン,
1808,24,1,Suntory Cocktail Lemon,
1809,24,2,三得利鸡尾酒柠檬,
1810,32,0,グレナデンシロップ,
1811,32,1,Grenadin syrup,
1812,32,2,格林纳丁糖浆,
1813,82,0,クルボアジェＶＳＯＰルージュ,
1814,82,1,Courvoisier VSOP Rouge,
1815,82,2,Courvoisier VSOP Rouge,
1816,26,0,オレンジキュラソー,
1817,26,1,Orange Curacao,
1818,26,2,橙色库拉索岛,
1819,2,0,オレンジジュース,
1820,2,1,Orange juice,
1821,2,2,橙汁,
1822,27,0,モーツァルト　ブラック,
1823,27,1,Mozart Black,
1824,27,2,莫扎特布莱克,
1825,54,0,カルーア　コーヒーリキュール,
1826,54,1,Kalua coffee liqueur,
1827,54,2,Kalua咖啡利口酒,
1828,101,0,牛乳,
1829,101,1,milk,
1830,101,2,牛奶,
1831,38,0,ウォッカ,
1832,38,1,vodka,
1833,38,2,伏特加酒,
1834,10,0,ホワイトキュラソー（トリプルセック）,
1835,10,1,White Curacao (Triple Sek),
1836,10,2,白色库拉索岛（Triple Sek）,
1837,16,0,フレッシュライムジュース,
1838,16,1,Fresh lime juice,
1839,16,2,新鲜的酸橙汁,
1840,54,0,カルーア　コーヒーリキュール,
1841,54,1,Kalua coffee liqueur,
1842,54,2,Kalua咖啡利口酒,
1843,119,0,烏龍茶,
1844,119,1,Oolong Tea,
1845,119,2,乌龙茶,
1846,54,0,カルーア　コーヒーリキュール,
1847,54,1,Kalua coffee liqueur,
1848,54,2,Kalua咖啡利口酒,
1849,2,0,オレンジジュース,
1850,2,1,Orange juice,
1851,2,2,橙汁,
1852,54,0,カルーア　コーヒーリキュール,
1853,54,1,Kalua coffee liqueur,
1854,54,2,Kalua咖啡利口酒,
1855,41,0,コーラ,
1856,41,1,Cola,
1857,41,2,可口可乐,
1858,71,0,マリブ　（ココナッツリキュール）,
1859,71,1,Malibu (coconut liqueur),
1860,71,2,马里布（椰子利口酒）,
1861,54,0,カルーア　コーヒーリキュール,
1862,54,1,Kalua coffee liqueur,
1863,54,2,Kalua咖啡利口酒,
1864,14,0,パイナップルジュース,
1865,14,1,Pineapple juice,
1866,14,2,菠萝汁,
1867,101,0,牛乳,
1868,101,1,milk,
1869,101,2,牛奶,
1870,54,0,カルーア　コーヒーリキュール,
1871,54,1,Kalua coffee liqueur,
1872,54,2,Kalua咖啡利口酒,
1873,7,0,ソーダ,
1874,7,1,soda,
1875,7,2,苏打,
1876,103,0,ルジェ　クレーム　ド　フランボワーズ,
1877,103,1,Ruge Cream de Franboise,
1878,103,2,Ruge Cream de Franboise,
1879,54,0,カルーア　コーヒーリキュール,
1880,54,1,Kalua coffee liqueur,
1881,54,2,Kalua咖啡利口酒,
1882,101,0,牛乳,
1883,101,1,milk,
1884,101,2,牛奶,
1885,54,0,カルーア　コーヒーリキュール,
1886,54,1,Kalua coffee liqueur,
1887,54,2,Kalua咖啡利口酒,
1888,101,0,牛乳,
1889,101,1,milk,
1890,101,2,牛奶,
1891,54,0,カルーア　コーヒーリキュール,
1892,54,1,Kalua coffee liqueur,
1893,54,2,Kalua咖啡利口酒,
1894,7,0,ソーダ,
1895,7,1,soda,
1896,7,2,苏打,
1897,21,0,ライム,
1898,21,1,lime,
1899,21,2,石灰,
1900,102,0,白ワイン,
1901,102,1,White wine,
1902,102,2,白葡萄酒,
1903,31,0,ルジェ　クレーム　ド　カシス,
1904,31,1,Ruge Cream de Cassis,
1905,31,2,Ruge Cream de Cassis,
1906,4,0,ヒーリングチェリー,
1907,4,1,Healing cherry,
1908,4,2,愈合樱桃,
1909,1,0,ジン,
1910,1,1,gin,
1911,1,2,杜松子酒,
1912,11,0,ドライベルモット,
1913,11,1,Dry vermouth,
1914,11,2,干苦艾酒,
1915,4,0,ヒーリングチェリー,
1916,4,1,Healing cherry,
1917,4,2,愈合樱桃,
1918,5,0,フレッシュレモンジュース,
1919,5,1,Fresh lemon juice,
1920,5,2,新鲜的柠檬汁,
1921,8,0,トニックウォーター,
1922,8,1,Tonic Water,
1923,8,2,滋补水,
1924,120,0,ちゅらディア,
1925,120,1,Chula Dia,
1926,120,2,Chula Dia,
1927,121,0,ラ・ズール,
1928,121,1,La Suure,
1929,121,2,La Suure,
1930,23,0,ピーチリキュール,
1931,23,1,Peach liqueur,
1932,23,2,桃利口酒,
1933,122,0,ホワイトペパーミントリキュール,
1934,122,1,White peppermint liqueur,
1935,122,2,白薄荷利口酒,
1936,123,0,ミントリキュール（ホワイト）,
1937,123,1,Mint liqueur (white),
1938,123,2,薄荷利口酒（白色）,
1939,36,0,カカオリキュール,
1940,36,1,Cacao Liqueur,
1941,36,2,可可利口酒,
1942,37,0,生クリーム,
1943,37,1,Fresh cream,
1944,37,2,鲜奶油,
1945,58,0,ミドリ,
1946,58,1,Midori,
1947,58,2,绿,
1948,39,0,ブルガル　エクストラドライ,
1949,39,1,Bulgar Extra Dry,
1950,39,2,Bulgar Extra Dry,
1951,71,0,マリブ　（ココナッツリキュール）,
1952,71,1,Malibu (coconut liqueur),
1953,71,2,马里布（椰子利口酒）,
1954,16,0,フレッシュライムジュース,
1955,16,1,Fresh lime juice,
1956,16,2,新鲜的酸橙汁,
1957,14,0,パイナップルジュース,
1958,14,1,Pineapple juice,
1959,14,2,菠萝汁,
1960,84,0,ドランブイ,
1961,84,1,Drambui,
1962,84,2,Drambuie,
1963,64,0,テキーラ　サウザ　ブルー,
1964,64,1,Tequila Sauza Blue,
1965,64,2,龙舌兰酒Sauza Blue,
1966,57,0,ザ・ブルー（ブルーキュラソー）,
1967,57,1,The Blue (Blue Curaçõ),
1968,57,2,蓝色（蓝色Curaçõ）,
1969,7,0,ソーダ,
1970,7,1,soda,
1971,7,2,苏打,
1972,116,0,ブラー　ポモー　ド　ノルマンディー,
1973,116,1,Blur Pomodo Normandie,
1974,116,2,模糊Pomodo Normandie,
1975,26,0,オレンジキュラソー,
1976,26,1,Orange Curacao,
1977,26,2,橙色库拉索岛,
1978,53,0,アップルジュース,
1979,53,1,Apple juice,
1980,53,2,苹果汁,
1981,5,0,フレッシュレモンジュース,
1982,5,1,Fresh lemon juice,
1983,5,2,新鲜的柠檬汁,
1984,23,0,ピーチリキュール,
1985,23,1,Peach liqueur,
1986,23,2,桃利口酒,
1987,1,0,ジン,
1988,1,1,gin,
1989,1,2,杜松子酒,
1990,2,0,オレンジジュース,
1991,2,1,Orange juice,
1992,2,2,橙汁,
1993,108,0,マンゴヤン　（マンゴーリキュール）,
1994,108,1,Mango Yang (mango liqueur),
1995,108,2,芒果杨（芒果利口酒）,
1996,111,0,ヨーグリート　ヨーグルトリキュール,
1997,111,1,Yogurito yogurt liqueur,
1998,111,2,Yogurito酸奶利口酒,
1999,71,0,マリブ　（ココナッツリキュール）,
2000,71,1,Malibu (coconut liqueur),
2001,71,2,马里布（椰子利口酒）,
2002,2,0,オレンジジュース,
2003,2,1,Orange juice,
2004,2,2,橙汁,
2005,101,0,牛乳,
2006,101,1,milk,
2007,101,2,牛奶,
2008,70,0,ルジェ　クレーム　ド　ストロベリー,
2009,70,1,Ruge Cream de Strawberry,
2010,70,2,Ruge Cream de Strawberry,
2011,34,0,シャンパン,
2012,34,1,Champagne,
2013,34,2,香槟酒,
2014,38,0,ウォッカ,
2015,38,1,vodka,
2016,38,2,伏特加酒,
2017,58,0,ミドリ,
2018,58,1,Midori,
2019,58,2,绿,
2020,103,0,ルジェ　クレーム　ド　フランボワーズ,
2021,103,1,Ruge Cream de Franboise,
2022,103,2,Ruge Cream de Franboise,
2023,14,0,パイナップルジュース,
2024,14,1,Pineapple juice,
2025,14,2,菠萝汁,
2026,82,0,クルボアジェＶＳＯＰルージュ,
2027,82,1,Courvoisier VSOP Rouge,
2028,82,2,Courvoisier VSOP Rouge,
2029,54,0,カルーア　コーヒーリキュール,
2030,54,1,Kalua coffee liqueur,
2031,54,2,Kalua咖啡利口酒,
2032,4,0,ヒーリングチェリー,
2033,4,1,Healing cherry,
2034,4,2,愈合樱桃,
2035,82,0,クルボアジェＶＳＯＰルージュ,
2036,82,1,Courvoisier VSOP Rouge,
2037,82,2,Courvoisier VSOP Rouge,
2038,26,0,オレンジキュラソー,
2039,26,1,Orange Curacao,
2040,26,2,橙色库拉索岛,
2041,5,0,フレッシュレモンジュース,
2042,5,1,Fresh lemon juice,
2043,5,2,新鲜的柠檬汁,
2044,32,0,グレナデンシロップ,
2045,32,1,Grenadin syrup,
2046,32,2,格林纳丁糖浆,
2047,4,0,ヒーリングチェリー,
2048,4,1,Healing cherry,
2049,4,2,愈合樱桃,
2050,5,0,フレッシュレモンジュース,
2051,5,1,Fresh lemon juice,
2052,5,2,新鲜的柠檬汁,
2053,20,0,ジンジャーエール,
2054,20,1,Ginger ale,
2055,20,2,姜汁啤酒,
2056,27,0,モーツァルト　ブラック,
2057,27,1,Mozart Black,
2058,27,2,莫扎特布莱克,
2059,31,0,ルジェ　クレーム　ド　カシス,
2060,31,1,Ruge Cream de Cassis,
2061,31,2,Ruge Cream de Cassis,
2062,7,0,ソーダ,
2063,7,1,soda,
2064,7,2,苏打,
2065,27,0,モーツァルト　ブラック,
2066,27,1,Mozart Black,
2067,27,2,莫扎特布莱克,
2068,5,0,フレッシュレモンジュース,
2069,5,1,Fresh lemon juice,
2070,5,2,新鲜的柠檬汁,
2071,28,0,ガムシロップ,
2072,28,1,gum syrup,
2073,28,2,口香糖糖浆,
2074,2,0,オレンジジュース,
2075,2,1,Orange juice,
2076,2,2,橙汁,
2077,105,0,ティフィン,
2078,105,1,Tiffin,
2079,105,2,蒂芬,
2080,2,0,オレンジジュース,
2081,2,1,Orange juice,
2082,2,2,橙汁,
2083,105,0,ティフィン,
2084,105,1,Tiffin,
2085,105,2,蒂芬,
2086,31,0,ルジェ　クレーム　ド　カシス,
2087,31,1,Ruge Cream de Cassis,
2088,31,2,Ruge Cream de Cassis,
2089,8,0,トニックウォーター,
2090,8,1,Tonic Water,
2091,8,2,滋补水,
2092,105,0,ティフィン,
2093,105,1,Tiffin,
2094,105,2,蒂芬,
2095,101,0,牛乳,
2096,101,1,milk,
2097,101,2,牛奶,
2098,105,0,ティフィン,
2099,105,1,Tiffin,
2100,105,2,蒂芬,
2101,7,0,ソーダ,
2102,7,1,soda,
2103,7,2,苏打,
2104,38,0,ウォッカ,
2105,38,1,vodka,
2106,38,2,伏特加酒,
2107,10,0,ホワイトキュラソー（トリプルセック）,
2108,10,1,White Curacao (Triple Sek),
2109,10,2,白色库拉索岛（Triple Sek）,
2110,5,0,フレッシュレモンジュース,
2111,5,1,Fresh lemon juice,
2112,5,2,新鲜的柠檬汁,
2113,108,0,マンゴヤン　（マンゴーリキュール）,
2114,108,1,Mango Yang (mango liqueur),
2115,108,2,芒果杨（芒果利口酒）,
2116,45,0,ディサローノアマレット,
2117,45,1,Disarrono Amaretto,
2118,45,2,Disarrono Amaretto,
2119,37,0,生クリーム,
2120,37,1,Fresh cream,
2121,37,2,鲜奶油,
2122,101,0,牛乳,
2123,101,1,milk,
2124,101,2,牛奶,
2125,124,0,エスプレッソコーヒー,
2126,124,1,Espresso coffee,
2127,124,2,浓缩咖啡,
2128,26,0,オレンジキュラソー,
2129,26,1,Orange Curacao,
2130,26,2,橙色库拉索岛,
2131,84,0,ドランブイ,
2132,84,1,Drambui,
2133,84,2,Drambuie,
2134,2,0,オレンジジュース,
2135,2,1,Orange juice,
2136,2,2,橙汁,
2137,84,0,ドランブイ,
2138,84,1,Drambui,
2139,84,2,Drambuie,
2140,8,0,トニックウォーター,
2141,8,1,Tonic Water,
2142,8,2,滋补水,
2143,75,0,レモン,
2144,75,1,Lemon,
2145,75,2,柠檬,
2146,30,0,ルジェ　クレーム　ド　アプリコット,
2147,30,1,Ruge Cream apricot,
2148,30,2,Ruge奶油杏,
2149,2,0,オレンジジュース,
2150,2,1,Orange juice,
2151,2,2,橙汁,
2152,125,0,オレンジビターズ,
2153,125,1,Orange Bitters,
2154,125,2,橙色苦味,
2155,104,0,パライソ　ライチ　リキュール,
2156,104,1,Paraiso lychee liqueur,
2157,104,2,Paraiso lychee利口酒,
2158,2,0,オレンジジュース,
2159,2,1,Orange juice,
2160,2,2,橙汁,
2161,104,0,パライソ　ライチ　リキュール,
2162,104,1,Paraiso lychee liqueur,
2163,104,2,Paraiso lychee利口酒,
2164,46,0,グレープフルーツジュース,
2165,46,1,Grapefruit juice,
2166,46,2,葡萄柚汁,
2167,4,0,ヒーリングチェリー,
2168,4,1,Healing cherry,
2169,4,2,愈合樱桃,
2170,8,0,トニックウォーター,
2171,8,1,Tonic Water,
2172,8,2,滋补水,
2173,82,0,クルボアジェＶＳＯＰルージュ,
2174,82,1,Courvoisier VSOP Rouge,
2175,82,2,Courvoisier VSOP Rouge,
2176,39,0,ブルガル　エクストラドライ,
2177,39,1,Bulgar Extra Dry,
2178,39,2,Bulgar Extra Dry,
2179,10,0,ホワイトキュラソー（トリプルセック）,
2180,10,1,White Curacao (Triple Sek),
2181,10,2,白色库拉索岛（Triple Sek）,
2182,5,0,フレッシュレモンジュース,
2183,5,1,Fresh lemon juice,
2184,5,2,新鲜的柠檬汁,
2185,23,0,ピーチリキュール,
2186,23,1,Peach liqueur,
2187,23,2,桃利口酒,
2188,119,0,烏龍茶,
2189,119,1,Oolong Tea,
2190,119,2,乌龙茶,
2191,58,0,ミドリ,
2192,58,1,Midori,
2193,58,2,绿,
2194,126,0,ココナッツリキュール,
2195,126,1,Coconut liqueur,
2196,126,2,椰子利口酒,
2197,98,0,ブラックサンブーカ,
2198,98,1,Black Sambuca,
2199,98,2,黑色Sambuca,
2200,57,0,ザ・ブルー（ブルーキュラソー）,
2201,57,1,The Blue (Blue Curaçõ),
2202,57,2,蓝色（蓝色Curaçõ）,
2203,2,0,オレンジジュース,
2204,2,1,Orange juice,
2205,2,2,橙汁,
2206,71,0,マリブ　（ココナッツリキュール）,
2207,71,1,Malibu (coconut liqueur),
2208,71,2,马里布（椰子利口酒）,
2209,57,0,ザ・ブルー（ブルーキュラソー）,
2210,57,1,The Blue (Blue Curaçõ),
2211,57,2,蓝色（蓝色Curaçõ）,
2212,14,0,パイナップルジュース,
2213,14,1,Pineapple juice,
2214,14,2,菠萝汁,
2215,101,0,牛乳,
2216,101,1,milk,
2217,101,2,牛奶,
2218,114,0,ルジェ　クレーム　ド　ブルーベリー,
2219,114,1,Ruge Creamed Blueberries,
2220,114,2,Ruge奶油蓝莓,
2221,34,0,シャンパン,
2222,34,1,Champagne,
2223,34,2,香槟酒,
2224,109,0,プラムリキュール　ド　フランス　プルシア,
2225,109,1,Plum liqueur de France Persia,
2226,109,2,Plum liqueur de France Persia,
2227,110,0,ペリエ,
2228,110,1,Perrier,
2229,110,2,佩里耶,
2230,109,0,プラムリキュール　ド　フランス　プルシア,
2231,109,1,Plum liqueur de France Persia,
2232,109,2,Plum liqueur de France Persia,
2233,34,0,シャンパン,
2234,34,1,Champagne,
2235,34,2,香槟酒,
2236,113,0,ルジェ　クレーム　ド　カルテット,
2237,113,1,Ruge Cream de Quartet,
2238,113,2,Ruge Cream de Quartet,
2239,101,0,牛乳,
2240,101,1,milk,
2241,101,2,牛奶,
2242,10,0,ホワイトキュラソー（トリプルセック）,
2243,10,1,White Curacao (Triple Sek),
2244,10,2,白色库拉索岛（Triple Sek）,
2245,37,0,生クリーム,
2246,37,1,Fresh cream,
2247,37,2,鲜奶油,
2248,82,0,クルボアジェＶＳＯＰルージュ,
2249,82,1,Courvoisier VSOP Rouge,
2250,82,2,Courvoisier VSOP Rouge,
2251,54,0,カルーア　コーヒーリキュール,
2252,54,1,Kalua coffee liqueur,
2253,54,2,Kalua咖啡利口酒,
2254,127,0,モーツァルト　チョコレートクリーム,
2255,127,1,Mozart chocolate cream,
2256,127,2,莫扎特巧克力奶油,
2257,107,0,温めた牛乳,
2258,107,1,Warm milk,
2259,107,2,温牛奶,
2260,82,0,クルボアジェＶＳＯＰルージュ,
2261,82,1,Courvoisier VSOP Rouge,
2262,82,2,Courvoisier VSOP Rouge,
2263,85,0,モーツァルト　ホワイト,
2264,85,1,Mozart White,
2265,85,2,莫扎特怀特,
2266,85,0,モーツァルト　ホワイト,
2267,85,1,Mozart White,
2268,85,2,莫扎特怀特,
2269,101,0,牛乳,
2270,101,1,milk,
2271,101,2,牛奶,
2272,85,0,モーツァルト　ホワイト,
2273,85,1,Mozart White,
2274,85,2,莫扎特怀特,
2275,123,0,ミントリキュール（ホワイト）,
2276,123,1,Mint liqueur (white),
2277,123,2,薄荷利口酒（白色）,
2278,101,0,牛乳,
2279,101,1,milk,
2280,101,2,牛奶,
2281,50,0,アマレット,
2282,50,1,Amaret,
2283,50,2,阿玛丽托,
2284,2,0,オレンジジュース,
2285,2,1,Orange juice,
2286,2,2,橙汁,
2287,7,0,ソーダ,
2288,7,1,soda,
2289,7,2,苏打,
2290,54,0,カルーア　コーヒーリキュール,
2291,54,1,Kalua coffee liqueur,
2292,54,2,Kalua咖啡利口酒,
2293,101,0,牛乳,
2294,101,1,milk,
2295,101,2,牛奶,
2296,128,0,ジャポネ抹茶,
2297,128,1,Japonese Matcha,
2298,128,2,Japonese Matcha,
2299,71,0,マリブ　（ココナッツリキュール）,
2300,71,1,Malibu (coconut liqueur),
2301,71,2,马里布（椰子利口酒）,
2302,2,0,オレンジジュース,
2303,2,1,Orange juice,
2304,2,2,橙汁,
2305,71,0,マリブ　（ココナッツリキュール）,
2306,71,1,Malibu (coconut liqueur),
2307,71,2,马里布（椰子利口酒）,
2308,14,0,パイナップルジュース,
2309,14,1,Pineapple juice,
2310,14,2,菠萝汁,
2311,101,0,牛乳,
2312,101,1,milk,
2313,101,2,牛奶,
2314,71,0,マリブ　（ココナッツリキュール）,
2315,71,1,Malibu (coconut liqueur),
2316,71,2,马里布（椰子利口酒）,
2317,101,0,牛乳,
2318,101,1,milk,
2319,101,2,牛奶,
2320,108,0,マンゴヤン　（マンゴーリキュール）,
2321,108,1,Mango Yang (mango liqueur),
2322,108,2,芒果杨（芒果利口酒）,
2323,71,0,マリブ　（ココナッツリキュール）,
2324,71,1,Malibu (coconut liqueur),
2325,71,2,马里布（椰子利口酒）,
2326,14,0,パイナップルジュース,
2327,14,1,Pineapple juice,
2328,14,2,菠萝汁,
2329,108,0,マンゴヤン　（マンゴーリキュール）,
2330,108,1,Mango Yang (mango liqueur),
2331,108,2,芒果杨（芒果利口酒）,
2332,101,0,牛乳,
2333,101,1,milk,
2334,101,2,牛奶,
2335,108,0,マンゴヤン　（マンゴーリキュール）,
2336,108,1,Mango Yang (mango liqueur),
2337,108,2,芒果杨（芒果利口酒）,
2338,111,0,ヨーグリート　ヨーグルトリキュール,
2339,111,1,Yogurito yogurt liqueur,
2340,111,2,Yogurito酸奶利口酒,
2341,7,0,ソーダ,
2342,7,1,soda,
2343,7,2,苏打,
2344,58,0,ミドリ,
2345,58,1,Midori,
2346,58,2,绿,
2347,38,0,ウォッカ,
2348,38,1,vodka,
2349,38,2,伏特加酒,
2350,10,0,ホワイトキュラソー（トリプルセック）,
2351,10,1,White Curacao (Triple Sek),
2352,10,2,白色库拉索岛（Triple Sek）,
2353,14,0,パイナップルジュース,
2354,14,1,Pineapple juice,
2355,14,2,菠萝汁,
2356,5,0,フレッシュレモンジュース,
2357,5,1,Fresh lemon juice,
2358,5,2,新鲜的柠檬汁,
2359,71,0,マリブ　（ココナッツリキュール）,
2360,71,1,Malibu (coconut liqueur),
2361,71,2,马里布（椰子利口酒）,
2362,58,0,ミドリ,
2363,58,1,Midori,
2364,58,2,绿,
2365,14,0,パイナップルジュース,
2366,14,1,Pineapple juice,
2367,14,2,菠萝汁,
2368,101,0,牛乳,
2369,101,1,milk,
2370,101,2,牛奶,
2371,58,0,ミドリ,
2372,58,1,Midori,
2373,58,2,绿,
2374,46,0,グレープフルーツジュース,
2375,46,1,Grapefruit juice,
2376,46,2,葡萄柚汁,
2377,8,0,トニックウォーター,
2378,8,1,Tonic Water,
2379,8,2,滋补水,
2380,58,0,ミドリ,
2381,58,1,Midori,
2382,58,2,绿,
2383,71,0,マリブ　（ココナッツリキュール）,
2384,71,1,Malibu (coconut liqueur),
2385,71,2,马里布（椰子利口酒）,
2386,14,0,パイナップルジュース,
2387,14,1,Pineapple juice,
2388,14,2,菠萝汁,
2389,37,0,生クリーム,
2390,37,1,Fresh cream,
2391,37,2,鲜奶油,
2392,58,0,ミドリ,
2393,58,1,Midori,
2394,58,2,绿,
2395,38,0,ウォッカ,
2396,38,1,vodka,
2397,38,2,伏特加酒,
2398,49,0,クランベリージュース,
2399,49,1,Cranberry juice,
2400,49,2,蔓越莓汁,
2401,58,0,ミドリ,
2402,58,1,Midori,
2403,58,2,绿,
2404,101,0,牛乳,
2405,101,1,milk,
2406,101,2,牛奶,
2407,13,0,ミントリキュール（グリーン）,
2408,13,1,Mint liqueur (green),
2409,13,2,薄荷利口酒（绿色）,
2410,69,0,クラシュドアイス,
2411,69,1,Krasdu Ice,
2412,69,2,Krasdu Ice,
2413,127,0,モーツァルト　チョコレートクリーム,
2414,127,1,Mozart chocolate cream,
2415,127,2,莫扎特巧克力奶油,
2416,129,0,アイスクリーム,
2417,129,1,ice cream,
2418,129,2,冰淇淋,
2419,85,0,モーツァルト　ホワイト,
2420,85,1,Mozart White,
2421,85,2,莫扎特怀特,
2422,129,0,アイスクリーム,
2423,129,1,ice cream,
2424,129,2,冰淇淋,
2425,101,0,牛乳,
2426,101,1,milk,
2427,101,2,牛奶,
2428,111,0,ヨーグリート　ヨーグルトリキュール,
2429,111,1,Yogurito yogurt liqueur,
2430,111,2,Yogurito酸奶利口酒,
2431,20,0,ジンジャーエール,
2432,20,1,Ginger ale,
2433,20,2,姜汁啤酒,
2434,111,0,ヨーグリート　ヨーグルトリキュール,
2435,111,1,Yogurito yogurt liqueur,
2436,111,2,Yogurito酸奶利口酒,
2437,7,0,ソーダ,
2438,7,1,soda,
2439,7,2,苏打,
2440,111,0,ヨーグリート　ヨーグルトリキュール,
2441,111,1,Yogurito yogurt liqueur,
2442,111,2,Yogurito酸奶利口酒,
2443,14,0,パイナップルジュース,
2444,14,1,Pineapple juice,
2445,14,2,菠萝汁,
2446,111,0,ヨーグリート　ヨーグルトリキュール,
2447,111,1,Yogurito yogurt liqueur,
2448,111,2,Yogurito酸奶利口酒,
2449,101,0,牛乳,
2450,101,1,milk,
2451,101,2,牛奶,
2452,62,0,ルジェ　グリーンアップル,
2453,62,1,Ruge Green Apple,
2454,62,2,Ruge Green Apple,
2455,20,0,ジンジャーエール,
2456,20,1,Ginger ale,
2457,20,2,姜汁啤酒,
2458,31,0,ルジェ　クレーム　ド　カシス,
2459,31,1,Ruge Cream de Cassis,
2460,31,2,Ruge Cream de Cassis,
2461,119,0,烏龍茶,
2462,119,1,Oolong Tea,
2463,119,2,乌龙茶,
2464,71,0,マリブ　（ココナッツリキュール）,
2465,71,1,Malibu (coconut liqueur),
2466,71,2,马里布（椰子利口酒）,
2467,31,0,ルジェ　クレーム　ド　カシス,
2468,31,1,Ruge Cream de Cassis,
2469,31,2,Ruge Cream de Cassis,
2470,14,0,パイナップルジュース,
2471,14,1,Pineapple juice,
2472,14,2,菠萝汁,
2473,101,0,牛乳,
2474,101,1,milk,
2475,101,2,牛奶,
2476,113,0,ルジェ　クレーム　ド　カルテット,
2477,113,1,Ruge Cream de Quartet,
2478,113,2,Ruge Cream de Quartet,
2479,7,0,ソーダ,
2480,7,1,soda,
2481,7,2,苏打,
2482,71,0,マリブ　（ココナッツリキュール）,
2483,71,1,Malibu (coconut liqueur),
2484,71,2,马里布（椰子利口酒）,
2485,70,0,ルジェ　クレーム　ド　ストロベリー,
2486,70,1,Ruge Cream de Strawberry,
2487,70,2,Ruge Cream de Strawberry,
2488,14,0,パイナップルジュース,
2489,14,1,Pineapple juice,
2490,14,2,菠萝汁,
2491,101,0,牛乳,
2492,101,1,milk,
2493,101,2,牛奶,
2494,103,0,ルジェ　クレーム　ド　フランボワーズ,
2495,103,1,Ruge Cream de Franboise,
2496,103,2,Ruge Cream de Franboise,
2497,46,0,グレープフルーツジュース,
2498,46,1,Grapefruit juice,
2499,46,2,葡萄柚汁,
2500,117,0,スパークリングワイン,
2501,117,1,sparkling wine,
2502,117,2,起泡酒,
2503,23,0,ピーチリキュール,
2504,23,1,Peach liqueur,
2505,23,2,桃利口酒,
2506,1,0,ジン,
2507,1,1,gin,
2508,1,2,杜松子酒,
2509,26,0,オレンジキュラソー,
2510,26,1,Orange Curacao,
2511,26,2,橙色库拉索岛,
2512,2,0,オレンジジュース,
2513,2,1,Orange juice,
2514,2,2,橙汁,
2515,5,0,フレッシュレモンジュース,
2516,5,1,Fresh lemon juice,
2517,5,2,新鲜的柠檬汁,
2518,113,0,ルジェ　クレーム　ド　カルテット,
2519,113,1,Ruge Cream de Quartet,
2520,113,2,Ruge Cream de Quartet,
2521,82,0,クルボアジェＶＳＯＰルージュ,
2522,82,1,Courvoisier VSOP Rouge,
2523,82,2,Courvoisier VSOP Rouge,
2524,24,0,サントリーカクテルレモン,
2525,24,1,Suntory Cocktail Lemon,
2526,24,2,三得利鸡尾酒柠檬,
2527,34,0,シャンパン,
2528,34,1,Champagne,
2529,34,2,香槟酒,
2530,1,0,ジン,
2531,1,1,gin,
2532,1,2,杜松子酒,
2533,38,0,ウォッカ,
2534,38,1,vodka,
2535,38,2,伏特加酒,
2536,39,0,ブルガル　エクストラドライ,
2537,39,1,Bulgar Extra Dry,
2538,39,2,Bulgar Extra Dry,
2539,40,0,テキーラ　サウザ　シルバー,
2540,40,1,Tequila Thousand Silver,
2541,40,2,龙舌兰酒一千银,
2542,10,0,ホワイトキュラソー（トリプルセック）,
2543,10,1,White Curacao (Triple Sek),
2544,10,2,白色库拉索岛（Triple Sek）,
2545,5,0,フレッシュレモンジュース,
2546,5,1,Fresh lemon juice,
2547,5,2,新鲜的柠檬汁,
2548,41,0,コーラ,
2549,41,1,Cola,
2550,41,2,可口可乐,
2551,27,0,モーツァルト　ブラック,
2552,27,1,Mozart Black,
2553,27,2,莫扎特布莱克,
2554,53,0,アップルジュース,
2555,53,1,Apple juice,
2556,53,2,苹果汁,
2557,58,0,ミドリ,
2558,58,1,Midori,
2559,58,2,绿,
2560,12,0,マスカット　リキュール　ド　フランス　ミスティア,
2561,12,1,Muscat liqueur de France Mistya,
2562,12,2,马斯喀特利口酒法国Mistya,
2563,115,0,カルバドス　ブラー　グランソラージュ,
2564,115,1,Calvados Blur Grand Sorage,
2565,115,2,Calvados Blur Grand Sorage,
2566,5,0,フレッシュレモンジュース,
2567,5,1,Fresh lemon juice,
2568,5,2,新鲜的柠檬汁,
2569,72,0,オランジーナ,
2570,72,1,Orangina,
2571,72,2,Orangina,
2572,23,0,ピーチリキュール,
2573,23,1,Peach liqueur,
2574,23,2,桃利口酒,
2575,42,0,ジャパニーズクラフトジン　ROKU（六）,
2576,42,1,Japanese Craft Gin ROKU (六),
2577,42,2,日本工艺金ROKU（六）,
2578,30,0,ルジェ　クレーム　ド　アプリコット,
2579,30,1,Ruge Cream apricot,
2580,30,2,Ruge奶油杏,
2581,5,0,フレッシュレモンジュース,
2582,5,1,Fresh lemon juice,
2583,5,2,新鲜的柠檬汁,
2584,43,0,オランジーナ　フレンチスパークリング,
2585,43,1,Orangina French sparkling,
2586,43,2,Orangina法国闪闪发光,
2587,27,0,モーツァルト　ブラック,
2588,27,1,Mozart Black,
2589,27,2,莫扎特布莱克,
2590,31,0,ルジェ　クレーム　ド　カシス,
2591,31,1,Ruge Cream de Cassis,
2592,31,2,Ruge Cream de Cassis,
2593,101,0,牛乳,
2594,101,1,milk,
2595,101,2,牛奶,
2596,130,0,シナモンパウダー,
2597,130,1,Cinnamon powder,
2598,130,2,肉桂粉,
2599,27,0,モーツァルト　ブラック,
2600,27,1,Mozart Black,
2601,27,2,莫扎特布莱克,
2602,20,0,ジンジャーエール,
2603,20,1,Ginger ale,
2604,20,2,姜汁啤酒,
2605,73,0,オレンジ,
2606,73,1,Orange,
2607,73,2,橙,
2608,58,0,ミドリ,
2609,58,1,Midori,
2610,58,2,绿,
2611,131,0,響12年,
2612,131,1,Hibiki 12 years,
2613,131,2,Hibiki 12年,
2614,30,0,ルジェ　クレーム　ド　アプリコット,
2615,30,1,Ruge Cream apricot,
2616,30,2,Ruge奶油杏,
2617,16,0,フレッシュライムジュース,
2618,16,1,Fresh lime juice,
2619,16,2,新鲜的酸橙汁,
2620,27,0,モーツァルト　ブラック,
2621,27,1,Mozart Black,
2622,27,2,莫扎特布莱克,
2623,54,0,カルーア　コーヒーリキュール,
2624,54,1,Kalua coffee liqueur,
2625,54,2,Kalua咖啡利口酒,
2626,49,0,クランベリージュース,
2627,49,1,Cranberry juice,
2628,49,2,蔓越莓汁,
2629,109,0,プラムリキュール　ド　フランス　プルシア,
2630,109,1,Plum liqueur de France Persia,
2631,109,2,Plum liqueur de France Persia,
2632,1,0,ジン,
2633,1,1,gin,
2634,1,2,杜松子酒,
2635,132,0,ヨーグリートストロベリー　ヨーグルトリキュール,
2636,132,1,Yogurato Strawberry Yogurt Liqueur,
2637,132,2,Yogurato草莓酸奶利口酒,
2638,133,0,フレッシュグレープフルーツジュース,
2639,133,1,Fresh grapefruit juice,
2640,133,2,新鲜的葡萄柚汁,
2641,127,0,モーツァルト　チョコレートクリーム,
2642,127,1,Mozart chocolate cream,
2643,127,2,莫扎特巧克力奶油,
2644,134,0,ホットコーヒー,
2645,134,1,Hot coffee,
2646,134,2,热咖啡,
2647,101,0,牛乳,
2648,101,1,milk,
2649,101,2,牛奶,
2650,127,0,モーツァルト　チョコレートクリーム,
2651,127,1,Mozart chocolate cream,
2652,127,2,莫扎特巧克力奶油,
2653,101,0,牛乳,
2654,101,1,milk,
2655,101,2,牛奶,
2656,135,0,(欠番),
2657,135,1,(Missing number),
2658,135,2,（缺少号码）,
2659,136,0,モーツァルト Ｒ．Ｇ．,
2660,136,1,Mozart R. G.,
2661,136,2,莫扎特G.,
2662,137,0,ボウモア12年　（シングルモルトウイスキー）,
2663,137,1,Bowmore 12 years (single malt whiskey),
2664,137,2,Bowmore 12年（单一麦芽威士忌）,
2665,37,0,生クリーム,
2666,37,1,Fresh cream,
2667,37,2,鲜奶油,
2668,138,0,岩塩,
2669,138,1,rock salt,
2670,138,2,岩盐,
2671,62,0,ルジェ　グリーンアップル,
2672,62,1,Ruge Green Apple,
2673,62,2,Ruge Green Apple,
2674,102,0,白ワイン,
2675,102,1,White wine,
2676,102,2,白葡萄酒,
2677,139,0,赤ワイン,
2678,139,1,Red wine,
2679,139,2,红酒,
2680,31,0,ルジェ　クレーム　ド　カシス,
2681,31,1,Ruge Cream de Cassis,
2682,31,2,Ruge Cream de Cassis,
2683,102,0,白ワイン,
2684,102,1,White wine,
2685,102,2,白葡萄酒,
2686,31,0,ルジェ　クレーム　ド　カシス,
2687,31,1,Ruge Cream de Cassis,
2688,31,2,Ruge Cream de Cassis,
2689,102,0,白ワイン,
2690,102,1,White wine,
2691,102,2,白葡萄酒,
2692,7,0,ソーダ,
2693,7,1,soda,
2694,7,2,苏打,
2695,102,0,白ワイン,
2696,102,1,White wine,
2697,102,2,白葡萄酒,
2698,114,0,ルジェ　クレーム　ド　ブルーベリー,
2699,114,1,Ruge Creamed Blueberries,
2700,114,2,Ruge奶油蓝莓,
2701,7,0,ソーダ,
2702,7,1,soda,
2703,7,2,苏打,
2704,140,0,ロゼワイン,
2705,140,1,rosé wine,
2706,140,2,玫瑰酒,
2707,2,0,オレンジジュース,
2708,2,1,Orange juice,
2709,2,2,橙汁,
2710,32,0,グレナデンシロップ,
2711,32,1,Grenadin syrup,
2712,32,2,格林纳丁糖浆,
2713,10,0,ホワイトキュラソー（トリプルセック）,
2714,10,1,White Curacao (Triple Sek),
2715,10,2,白色库拉索岛（Triple Sek）,
2716,63,0,ビール,
2717,63,1,beer,
2718,63,2,啤酒,
2719,55,0,トマトジュース,
2720,55,1,tomato juice,
2721,55,2,番茄汁,
2722,63,0,ビール,
2723,63,1,beer,
2724,63,2,啤酒,
2725,20,0,ジンジャーエール,
2726,20,1,Ginger ale,
2727,20,2,姜汁啤酒,
2728,63,0,ビール,
2729,63,1,beer,
2730,63,2,啤酒,
2731,141,0,CCレモン,
2732,141,1,CC lemon,
2733,141,2,CC柠檬,
2734,142,0,黒ビール,
2735,142,1,Black Beer,
2736,142,2,黑啤酒,
2737,34,0,シャンパン,
2738,34,1,Champagne,
2739,34,2,香槟酒,
2740,143,0,タラモアデュー（アイリッシュウイスキー）,
2741,143,1,Tullamore Dew (Irish whiskey),
2742,143,2,Tullamore Dew（爱尔兰威士忌）,
2743,6,0,砂糖,
2744,6,1,sugar,
2745,6,2,糖,
2746,134,0,ホットコーヒー,
2747,134,1,Hot coffee,
2748,134,2,热咖啡,
2749,37,0,生クリーム,
2750,37,1,Fresh cream,
2751,37,2,鲜奶油,
2752,144,0,テネシーウイスキー,
2753,144,1,Tennessee Whiskey,
2754,144,2,田纳西威士忌,
2755,145,0,クランベリーリキュール,
2756,145,1,Cranberry liqueur,
2757,145,2,蔓越莓利口酒,
2758,45,0,ディサローノアマレット,
2759,45,1,Disarrono Amaretto,
2760,45,2,Disarrono Amaretto,
2761,16,0,フレッシュライムジュース,
2762,16,1,Fresh lime juice,
2763,16,2,新鲜的酸橙汁,
2764,146,0,バランタイン　ファイネスト　（スコッチウイスキー）,
2765,146,1,Ballantyne finest (Scotch whiskey),
2766,146,2,Ballantyne最好的（苏格兰威士忌）,
2767,7,0,ソーダ,
2768,7,1,soda,
2769,7,2,苏打,
2770,146,0,バランタイン　ファイネスト　（スコッチウイスキー）,
2771,146,1,Ballantyne finest (Scotch whiskey),
2772,146,2,Ballantyne最好的（苏格兰威士忌）,
2773,7,0,ソーダ,
2774,7,1,soda,
2775,7,2,苏打,
2776,146,0,バランタイン　ファイネスト　（スコッチウイスキー）,
2777,146,1,Ballantyne finest (Scotch whiskey),
2778,146,2,Ballantyne最好的（苏格兰威士忌）,
2779,147,0,ミネラルウォーター,
2780,147,1,Mineral water,
2781,147,2,矿泉水,
2782,148,0,メーカーズマーク（プレミアムバーボン）,
2783,148,1,Maker's Mark (Premium Bourbon),
2784,148,2,Maker's Mark（高级波本威士忌）,
2785,92,0,角砂糖,
2786,92,1,Cube sugar,
2787,92,2,方糖,
2788,149,0,アロマティックビダーズ,
2789,149,1,Aromatic Bidders,
2790,149,2,芳香投标人,
2791,144,0,テネシーウイスキー,
2792,144,1,Tennessee Whiskey,
2793,144,2,田纳西威士忌,
2794,45,0,ディサローノアマレット,
2795,45,1,Disarrono Amaretto,
2796,45,2,Disarrono Amaretto,
2797,10,0,ホワイトキュラソー（トリプルセック）,
2798,10,1,White Curacao (Triple Sek),
2799,10,2,白色库拉索岛（Triple Sek）,
2800,2,0,オレンジジュース,
2801,2,1,Orange juice,
2802,2,2,橙汁,
2803,32,0,グレナデンシロップ,
2804,32,1,Grenadin syrup,
2805,32,2,格林纳丁糖浆,
2806,146,0,バランタイン　ファイネスト　（スコッチウイスキー）,
2807,146,1,Ballantyne finest (Scotch whiskey),
2808,146,2,Ballantyne最好的（苏格兰威士忌）,
2809,50,0,アマレット,
2810,50,1,Amaret,
2811,50,2,阿玛丽托,
2812,146,0,バランタイン　ファイネスト　（スコッチウイスキー）,
2813,146,1,Ballantyne finest (Scotch whiskey),
2814,146,2,Ballantyne最好的（苏格兰威士忌）,
2815,84,0,ドランブイ,
2816,84,1,Drambui,
2817,84,2,Drambuie,
2818,2,0,オレンジジュース,
2819,2,1,Orange juice,
2820,2,2,橙汁,
2821,27,0,モーツァルト　ブラック,
2822,27,1,Mozart Black,
2823,27,2,莫扎特布莱克,
2824,146,0,バランタイン　ファイネスト　（スコッチウイスキー）,
2825,146,1,Ballantyne finest (Scotch whiskey),
2826,146,2,Ballantyne最好的（苏格兰威士忌）,
2827,7,0,ソーダ,
2828,7,1,soda,
2829,7,2,苏打,
2830,150,0,バーボンウイスキー　ジムビーム,
2831,150,1,Bourbon Whiskey Gym Beam,
2832,150,2,波旁威士忌健身房梁,
2833,27,0,モーツァルト　ブラック,
2834,27,1,Mozart Black,
2835,27,2,莫扎特布莱克,
2836,92,0,角砂糖,
2837,92,1,Cube sugar,
2838,92,2,方糖,
2839,79,0,アンゴスチュラビターズ,
2840,79,1,Angostura Bitters,
2841,79,2,安哥斯图娜,
2842,7,0,ソーダ,
2843,7,1,soda,
2844,7,2,苏打,
2845,151,0,カナディアンクラブ　（カナディアンウイスキー）,
2846,151,1,Canadian Club (Canadian Whiskey),
2847,151,2,加拿大俱乐部（加拿大威士忌）,
2848,27,0,モーツァルト　ブラック,
2849,27,1,Mozart Black,
2850,27,2,莫扎特布莱克,
2851,25,0,スイートベルモット,
2852,25,1,Suite Vermouth,
2853,25,2,套房苦艾酒,
2854,79,0,アンゴスチュラビターズ,
2855,79,1,Angostura Bitters,
2856,79,2,安哥斯图娜,
2857,151,0,カナディアンクラブ　（カナディアンウイスキー）,
2858,151,1,Canadian Club (Canadian Whiskey),
2859,151,2,加拿大俱乐部（加拿大威士忌）,
2860,11,0,ドライベルモット,
2861,11,1,Dry vermouth,
2862,11,2,干苦艾酒,
2863,149,0,アロマティックビダーズ,
2864,149,1,Aromatic Bidders,
2865,149,2,芳香投标人,
2866,150,0,バーボンウイスキー　ジムビーム,
2867,150,1,Bourbon Whiskey Gym Beam,
2868,150,2,波旁威士忌健身房梁,
2869,21,0,ライム,
2870,21,1,lime,
2871,21,2,石灰,
2872,32,0,グレナデンシロップ,
2873,32,1,Grenadin syrup,
2874,32,2,格林纳丁糖浆,
2875,6,0,砂糖,
2876,6,1,sugar,
2877,6,2,糖,
2878,146,0,バランタイン　ファイネスト　（スコッチウイスキー）,
2879,146,1,Ballantyne finest (Scotch whiskey),
2880,146,2,Ballantyne最好的（苏格兰威士忌）,
2881,4,0,ヒーリングチェリー,
2882,4,1,Healing cherry,
2883,4,2,愈合樱桃,
2884,150,0,バーボンウイスキー　ジムビーム,
2885,150,1,Bourbon Whiskey Gym Beam,
2886,150,2,波旁威士忌健身房梁,
2887,11,0,ドライベルモット,
2888,11,1,Dry vermouth,
2889,11,2,干苦艾酒,
2890,26,0,オレンジキュラソー,
2891,26,1,Orange Curacao,
2892,26,2,橙色库拉索岛,
2893,32,0,グレナデンシロップ,
2894,32,1,Grenadin syrup,
2895,32,2,格林纳丁糖浆,
2896,146,0,バランタイン　ファイネスト　（スコッチウイスキー）,
2897,146,1,Ballantyne finest (Scotch whiskey),
2898,146,2,Ballantyne最好的（苏格兰威士忌）,
2899,5,0,フレッシュレモンジュース,
2900,5,1,Fresh lemon juice,
2901,5,2,新鲜的柠檬汁,
2902,20,0,ジンジャーエール,
2903,20,1,Ginger ale,
2904,20,2,姜汁啤酒,
2905,148,0,メーカーズマーク（プレミアムバーボン）,
2906,148,1,Maker's Mark (Premium Bourbon),
2907,148,2,Maker's Mark（高级波本威士忌）,
2908,25,0,スイートベルモット,
2909,25,1,Suite Vermouth,
2910,25,2,套房苦艾酒,
2911,149,0,アロマティックビダーズ,
2912,149,1,Aromatic Bidders,
2913,149,2,芳香投标人,
2914,146,0,バランタイン　ファイネスト　（スコッチウイスキー）,
2915,146,1,Ballantyne finest (Scotch whiskey),
2916,146,2,Ballantyne最好的（苏格兰威士忌）,
2917,84,0,ドランブイ,
2918,84,1,Drambui,
2919,84,2,Drambuie,
2920,146,0,バランタイン　ファイネスト　（スコッチウイスキー）,
2921,146,1,Ballantyne finest (Scotch whiskey),
2922,146,2,Ballantyne最好的（苏格兰威士忌）,
2923,25,0,スイートベルモット,
2924,25,1,Suite Vermouth,
2925,25,2,套房苦艾酒,
2926,149,0,アロマティックビダーズ,
2927,149,1,Aromatic Bidders,
2928,149,2,芳香投标人,
2929,148,0,メーカーズマーク（プレミアムバーボン）,
2930,148,1,Maker's Mark (Premium Bourbon),
2931,148,2,Maker's Mark（高级波本威士忌）,
2932,83,0,ホワイトラム,
2933,83,1,White rum,
2934,83,2,白朗姆酒,
2935,37,0,生クリーム,
2936,37,1,Fresh cream,
2937,37,2,鲜奶油,
2938,89,0,卵,
2939,89,1,egg,
2940,89,2,一个鸡蛋,
2941,6,0,砂糖,
2942,6,1,sugar,
2943,6,2,糖,
2944,148,0,メーカーズマーク（プレミアムバーボン）,
2945,148,1,Maker's Mark (Premium Bourbon),
2946,148,2,Maker's Mark（高级波本威士忌）,
2947,37,0,生クリーム,
2948,37,1,Fresh cream,
2949,37,2,鲜奶油,
2950,6,0,砂糖,
2951,6,1,sugar,
2952,6,2,糖,
2953,148,0,メーカーズマーク（プレミアムバーボン）,
2954,148,1,Maker's Mark (Premium Bourbon),
2955,148,2,Maker's Mark（高级波本威士忌）,
2956,152,0,クリームリキュール,
2957,152,1,Cream liqueur,
2958,152,2,奶油利口酒,
2959,153,0,ヘーゼルナッツシロップ,
2960,153,1,Hazelnut syrup,
2961,153,2,榛子糖浆,
2962,134,0,ホットコーヒー,
2963,134,1,Hot coffee,
2964,134,2,热咖啡,
2965,37,0,生クリーム,
2966,37,1,Fresh cream,
2967,37,2,鲜奶油,
2968,131,0,響12年,
2969,131,1,Hibiki 12 years,
2970,131,2,Hibiki 12年,
2971,154,0,ヘルメス　グリーンティ,
2972,154,1,Hermes Green Tea,
2973,154,2,爱马仕绿茶,
2974,85,0,モーツァルト　ホワイト,
2975,85,1,Mozart White,
2976,85,2,莫扎特怀特,
2977,37,0,生クリーム,
2978,37,1,Fresh cream,
2979,37,2,鲜奶油,
2980,148,0,メーカーズマーク（プレミアムバーボン）,
2981,148,1,Maker's Mark (Premium Bourbon),
2982,148,2,Maker's Mark（高级波本威士忌）,
2983,5,0,フレッシュレモンジュース,
2984,5,1,Fresh lemon juice,
2985,5,2,新鲜的柠檬汁,
2986,155,0,シュガーシロップ,
2987,155,1,Sugar Syrup,
2988,155,2,糖浆,
2989,29,0,レモンスライス,
2990,29,1,Lemon slice,
2991,29,2,柠檬片,
2992,156,0,レッドチェリー,
2993,156,1,Red cherry,
2994,156,2,红樱桃,
2995,148,0,メーカーズマーク（プレミアムバーボン）,
2996,148,1,Maker's Mark (Premium Bourbon),
2997,148,2,Maker's Mark（高级波本威士忌）,
2998,20,0,ジンジャーエール,
2999,20,1,Ginger ale,
3000,20,2,姜汁啤酒,
3001,148,0,メーカーズマーク（プレミアムバーボン）,
3002,148,1,Maker's Mark (Premium Bourbon),
3003,148,2,Maker's Mark（高级波本威士忌）,
3004,7,0,ソーダ,
3005,7,1,soda,
3006,7,2,苏打,
3007,28,0,ガムシロップ,
3008,28,1,gum syrup,
3009,28,2,口香糖糖浆,
3010,80,0,ミント,
3011,80,1,mint,
3012,80,2,薄荷,
3013,148,0,メーカーズマーク（プレミアムバーボン）,
3014,148,1,Maker's Mark (Premium Bourbon),
3015,148,2,Maker's Mark（高级波本威士忌）,
3016,7,0,ソーダ,
3017,7,1,soda,
3018,7,2,苏打,
3019,148,0,メーカーズマーク（プレミアムバーボン）,
3020,148,1,Maker's Mark (Premium Bourbon),
3021,148,2,Maker's Mark（高级波本威士忌）,
3022,70,0,ルジェ　クレーム　ド　ストロベリー,
3023,70,1,Ruge Cream de Strawberry,
3024,70,2,Ruge Cream de Strawberry,
3025,45,0,ディサローノアマレット,
3026,45,1,Disarrono Amaretto,
3027,45,2,Disarrono Amaretto,
3028,16,0,フレッシュライムジュース,
3029,16,1,Fresh lime juice,
3030,16,2,新鲜的酸橙汁,
3031,157,0,麦芽,
3032,157,1,malt,
3033,157,2,麦芽,
3034,158,0,ホップ,
3035,158,1,hop,
3036,158,2,合,
3037,157,0,麦芽,
3038,157,1,malt,
3039,157,2,麦芽,
3040,158,0,ホップ,
3041,158,1,hop,
3042,158,2,合,
3043,157,0,麦芽,
3044,157,1,malt,
3045,157,2,麦芽,
3046,158,0,ホップ,
3047,158,1,hop,
3048,158,2,合,
3049,159,0,米,
3050,159,1,Rice,
3051,159,2,饭,
3052,160,0,米こうじ,
3053,160,1,Rice koji,
3054,160,2,米曲,
3055,159,0,米,
3056,159,1,Rice,
3057,159,2,饭,
3058,160,0,米こうじ,
3059,160,1,Rice koji,
3060,160,2,米曲,
3061,161,0,ウイスキー,
3062,161,1,whisky,
3063,161,2,威士忌,
3064,7,0,ソーダ,
3065,7,1,soda,
3066,7,2,苏打,
3067,161,0,ウイスキー,
3068,161,1,whisky,
3069,161,2,威士忌,
3070,20,0,ジンジャーエール,
3071,20,1,Ginger ale,
3072,20,2,姜汁啤酒,
3073,161,0,ウイスキー,
3074,161,1,whisky,
3075,161,2,威士忌,
3076,41,0,コーラ,
3077,41,1,Cola,
3078,41,2,可口可乐,
3079,162,0,麦,
3080,162,1,wheat,
3081,162,2,小麦,
3082,159,0,米,
3083,159,1,Rice,
3084,159,2,饭,
3085,163,0,とうもろこし,
3086,163,1,Corn,
3087,163,2,玉米,
3088,164,0,さとうきび,
3089,164,1,Sugar Cane,
3090,164,2,甘蔗,
3091,165,0,さつまいも,
3092,165,1,Sweet potato,
3093,165,2,甘薯,
3094,160,0,米こうじ,
3095,160,1,Rice koji,
3096,160,2,米曲,
3097,162,0,麦,
3098,162,1,wheat,
3099,162,2,小麦,
3100,166,0,麦こうじ,
3101,166,1,Wheat bran,
3102,166,2,麦麸,
3103,167,0,黒ブドウ,
3104,167,1,Black grapes,
3105,167,2,黑葡萄,
3106,168,0,白ブドウ,
3107,168,1,White grapes,
3108,168,2,白葡萄,
3109,169,0,ワイン,
3110,169,1,wine,
3111,169,2,酒,
3112,170,0,フルーツ,
3113,170,1,fruits,
3114,170,2,水果,
3115,171,0,梅(国産),
3116,171,1,Plum (domestic),
3117,171,2,梅花（国内）,
3118,172,0,スピリッツ,
3119,172,1,Spirit,
3120,172,2,酒,
3121,173,0,ブランデー,
3122,173,1,Brandy,
3123,173,2,白兰地,
3124,174,0,糖類,
3125,174,1,Sugar,
3126,174,2,糖,
3127,175,0,リキュール,
3128,175,1,liqueur,
3129,175,2,利口酒,
3130,176,0,焼酎,
3131,176,1,Shochu,
3132,176,2,蒸馏酒,
3133,7,0,ソーダ,
3134,7,1,soda,
3135,7,2,苏打,
3136,177,0,レモン果汁,
3137,177,1,Lemon juice,
3138,177,2,柠檬汁,
3139,178,0,シロップ,
3140,178,1,syrup,
3141,178,2,糖浆,
3142,176,0,焼酎,
3143,176,1,Shochu,
3144,176,2,蒸馏酒,
3145,7,0,ソーダ,
3146,7,1,soda,
3147,7,2,苏打,
3148,179,0,グレープフルーツ果汁,
3149,179,1,Grapefruit juice,
3150,179,2,葡萄柚汁,
3151,178,0,シロップ,
3152,178,1,syrup,
3153,178,2,糖浆,
3154,176,0,焼酎,
3155,176,1,Shochu,
3156,176,2,蒸馏酒,
3157,7,0,ソーダ,
3158,7,1,soda,
3159,7,2,苏打,
3160,180,0,ゆず果汁,
3161,180,1,Yuzu juice,
3162,180,2,柚子汁,
3163,178,0,シロップ,
3164,178,1,syrup,
3165,178,2,糖浆,
3166,181,0,ウーロン茶,
3167,181,1,Oolong Tea,
3168,181,2,乌龙茶,
3169,181,0,ウーロン茶,
3170,181,1,Oolong Tea,
3171,181,2,乌龙茶,
3172,2,0,オレンジジュース,
3173,2,1,Orange juice,
3174,2,2,橙汁,
3175,73,0,オレンジ,
3176,73,1,Orange,
3177,73,2,橙,
3178,182,0,果糖ぶどう糖液糖,
3179,182,1,Fructose glucose liquid sugar,
3180,182,2,果糖葡萄糖液体糖,
3181,183,0,ジンジャーエキス,
3182,183,1,Ginger extract,
3183,183,2,生姜提取物,
3184,7,0,ソーダ,
3185,7,1,soda,
3186,7,2,苏打,
3187,174,0,糖類,
3188,174,1,Sugar,
3189,174,2,糖,
3190,184,0,カラメル色素,
3191,184,1,Caramel pigment,
3192,184,2,焦糖色素,
3193,185,0,ソーダー,
3194,185,1,Soda,
3195,185,2,索德,
3196,186,0,乳,
3197,186,1,milk,
3198,186,2,牛奶,
3199,6,0,砂糖,
3200,6,1,sugar,
3201,6,2,糖,
